Order_ID,Order_Date,Customer_Name,Email,Phone,City,State,Product,Category,Qty,Unit_Price,Discount,Payment_Mode,Order_Status,Delivery_Date,Total_Amount,Discount_Amount,Final_Amount,Order_Year,Order_Month,Order_Month_Name,Order_Day,Order_Day_Name,Is_Weekend,Delivery_Days,High_Value_Order,Quantity_Category
ORD1002,2025-06-30,Neha,neha82@gmail.com,9829008196.0,Delhi,Delhi,Chair,Furniture,4.0,1999.0,0.0,Upi,Pending,,7996.0,0.0,7996.0,2025,6,June,30,Monday,False,,True,Medium
ORD1003,2025-02-03,Rohit,rohit45@gmail.com,9280491167.0,Pune,Maharashtra,Watch,Fashion,5.0,4999.0,20.0,Card,Pending,,24995.0,4999.0,19996.0,2025,2,February,3,Monday,False,,True,High
ORD1004,2025-05-06,Amit,amit6@gmail.com,9943310925.0,Jaipur,Rajasthan,Mouse,Electronics,3.0,1999.0,5.0,Cod,Returned,,5997.0,299.85,5697.15,2025,5,May,6,Tuesday,False,,True,Medium
ORD1005,2025-01-20,Vikas,vikas51@gmail.com,9495120474.0,Bengaluru,Karnataka,Laptop,Electronics,3.0,1999.0,15.0,Wallet,Pending,,5997.0,899.55,5097.45,2025,1,January,20,Monday,False,,True,Medium
ORD1006,2025-04-02,Rohit,rohit71@gmail.com,9237331620.0,Pune,Maharashtra,Bottle,Home,3.0,1999.0,0.0,Wallet,Cancelled,,5997.0,0.0,5997.0,2025,4,April,2,Wednesday,False,,True,Medium
ORD1007,2025-02-10,Rahul,rahul82@gmail.com,9517780193.0,Mumbai,Maharashtra,Mouse,Electronics,3.0,499.0,20.0,Wallet,Cancelled,,1497.0,299.4,1197.6,2025,2,February,10,Monday,False,,False,Medium
ORD1008,2025-02-17,Rahul,rahul71@gmail.com,9789375429.0,Lucknow,Up,Mouse,Electronics,4.0,9999.0,0.0,Card,Returned,,39996.0,0.0,39996.0,2025,2,February,17,Monday,False,,True,Medium
ORD1010,2025-04-10,Rohit,rohit96@gmail.com,9700116928.0,Jaipur,Rajasthan,Mouse,Electronics,1.0,1999.0,0.0,Netbanking,Delivered,,1999.0,0.0,1999.0,2025,4,April,10,Thursday,False,,False,Low
ORD1011,2025-01-11,Neha,neha22@gmail.com,9580304152.0,Jaipur,Rajasthan,Chair,Furniture,3.0,999.0,0.0,Cod,Pending,,2997.0,0.0,2997.0,2025,1,January,11,Saturday,True,,False,Medium
ORD1012,2025-03-03,Vikas,vikas46@gmail.com,9551158398.0,Jaipur,Rajasthan,Shoes,Fashion,3.0,999.0,5.0,Cod,Cancelled,,2997.0,149.85,2847.15,2025,3,March,3,Monday,False,,False,Medium
ORD1013,2025-04-30,Rohit,rohit96@gmail.com,9899011969.0,Mumbai,Maharashtra,Shoes,Fashion,3.0,4999.0,10.0,Cod,Cancelled,,14997.0,1499.7,13497.3,2025,4,April,30,Wednesday,False,,True,Medium
ORD1014,2025-02-25,Neha,neha76@gmail.com,9768913402.0,Jaipur,Rajasthan,Shoes,Fashion,3.0,1999.0,0.0,Netbanking,Returned,,5997.0,0.0,5997.0,2025,2,February,25,Tuesday,False,,True,Medium
ORD1015,2025-03-17,Rohit,rohit6@gmail.com,9643353842.0,Lucknow,Up,Bottle,Home,5.0,1999.0,5.0,Card,Returned,,9995.0,499.75,9495.25,2025,3,March,17,Monday,False,,True,High
ORD1016,2025-03-31,Sneha,sneha86@gmail.com,9125254427.0,Pune,Maharashtra,Laptop,Electronics,3.0,4999.0,20.0,Netbanking,Pending,,14997.0,2999.4,11997.6,2025,3,March,31,Monday,False,,True,Medium
ORD1017,2025-01-12,Vikas,vikas12@gmail.com,9498228945.0,Jaipur,Rajasthan,Watch,Fashion,1.0,4999.0,10.0,Netbanking,Pending,,4999.0,499.9,4499.1,2025,1,January,12,Sunday,True,,False,Low
ORD1019,2025-03-06,Vikas,vikas20@gmail.com,9524467082.0,Bengaluru,Karnataka,Chair,Furniture,3.0,1499.0,0.0,Cod,Returned,,4497.0,0.0,4497.0,2025,3,March,6,Thursday,False,,False,Medium
ORD1020,2025-03-15,Rahul,rahul90@gmail.com,9106119129.0,Pune,Maharashtra,Watch,Fashion,3.0,999.0,0.0,Upi,Returned,,2997.0,0.0,2997.0,2025,3,March,15,Saturday,True,,False,Medium
ORD1021,2025-01-27,Priya,priya82@gmail.com,9583849937.0,Pune,Maharashtra,Chair,Furniture,3.0,1999.0,5.0,Upi,Cancelled,,5997.0,299.85,5697.15,2025,1,January,27,Monday,False,,True,Medium
ORD1022,2025-06-13,Vikas,vikas18@gmail.com,Unknown,Pune,Maharashtra,Shoes,Fashion,3.0,1499.0,0.0,Netbanking,Cancelled,,4497.0,0.0,4497.0,2025,6,June,13,Friday,False,,False,Medium
ORD1023,2025-04-27,Neha,neha70@gmail.com,9133995118.0,Mumbai,Maharashtra,Shoes,Fashion,1.0,499.0,5.0,Cod,Pending,,499.0,24.95,474.05,2025,4,April,27,Sunday,True,,False,Low
ORD1024,2025-06-29,Rohit,rohit60@gmail.com,9633404088.0,Bengaluru,Karnataka,Mouse,Electronics,3.0,1999.0,15.0,Card,Cancelled,,5997.0,899.55,5097.45,2025,6,June,29,Sunday,True,,True,Medium
ORD1025,2025-01-12,Rahul,rahul54@gmail.com,9850537744.0,Delhi,Delhi,Bottle,Home,3.0,9999.0,10.0,Cod,Pending,,29997.0,2999.7,26997.3,2025,1,January,12,Sunday,True,,True,Medium
ORD1026,2025-04-05,Sneha,sneha71@gmail.com,9967773139.0,Bengaluru,Karnataka,Bottle,Home,4.0,9999.0,10.0,Wallet,Returned,,39996.0,3999.6,35996.4,2025,4,April,5,Saturday,True,,True,Medium
ORD1028,2025-06-05,Amit,amit15@gmail.com,9853264878.0,Lucknow,Up,Watch,Fashion,3.0,4999.0,0.0,Netbanking,Cancelled,,14997.0,0.0,14997.0,2025,6,June,5,Thursday,False,,True,Medium
ORD1029,2025-02-06,Rahul,rahul82@gmail.com,9689560222.0,Pune,Maharashtra,Bottle,Home,5.0,1499.0,0.0,Cod,Delivered,,7495.0,0.0,7495.0,2025,2,February,6,Thursday,False,,True,High
ORD1030,2025-04-25,Rahul,rahul52@gmail.com,9882683944.0,Mumbai,Maharashtra,Shoes,Fashion,1.0,9999.0,20.0,Upi,Delivered,,9999.0,1999.8,7999.2,2025,4,April,25,Friday,False,,True,Low
ORD1031,2025-03-20,Sneha,sneha76gmail.com,9946815525.0,Mumbai,Maharashtra,Shoes,Fashion,5.0,499.0,20.0,Card,Delivered,,2495.0,499.0,1996.0,2025,3,March,20,Thursday,False,,False,High
ORD1032,2025-04-12,Neha,neha79@gmail.com,9312273373.0,Pune,Maharashtra,Bottle,Home,1.0,499.0,20.0,Upi,Delivered,,499.0,99.8,399.2,2025,4,April,12,Saturday,True,,False,Low
ORD1033,2025-02-18,Amit,amit13@gmail.com,9183234274.0,Bengaluru,Karnataka,Shoes,Fashion,3.0,499.0,10.0,Card,Pending,,1497.0,149.7,1347.3,2025,2,February,18,Tuesday,False,,False,Medium
ORD1034,2025-05-13,Amit,amit55@gmail.com,9798448836.0,Pune,Maharashtra,Bottle,Home,4.0,4999.0,0.0,Netbanking,Pending,,19996.0,0.0,19996.0,2025,5,May,13,Tuesday,False,,True,Medium
ORD1035,2025-03-11,Priya,priya6@gmail.com,9411511306.0,Mumbai,Maharashtra,Shoes,Fashion,3.0,999.0,0.0,Wallet,Cancelled,,2997.0,0.0,2997.0,2025,3,March,11,Tuesday,False,,False,Medium
ORD1037,2025-03-18,Sneha,sneha78@gmail.com,9420497333.0,Bengaluru,Karnataka,Laptop,Electronics,3.0,4999.0,0.0,Card,Delivered,,14997.0,0.0,14997.0,2025,3,March,18,Tuesday,False,,True,Medium
ORD1038,2025-01-15,Neha,neha50@gmail.com,9764950042.0,Mumbai,Maharashtra,Laptop,Electronics,3.0,2599.0,5.0,Wallet,Delivered,,7797.0,389.85,7407.15,2025,1,January,15,Wednesday,False,,True,Medium
ORD1039,2025-03-20,Rahul,rahul33@gmail.com,9193291098.0,Jaipur,Rajasthan,Laptop,Electronics,1.0,2599.0,15.0,Wallet,Returned,,2599.0,389.85,2209.15,2025,3,March,20,Thursday,False,,False,Low
ORD1041,2025-06-25,Rahul,rahul11@gmail.com,9940596133.0,Bengaluru,Karnataka,Bottle,Home,5.0,9999.0,0.0,Upi,Returned,,49995.0,0.0,49995.0,2025,6,June,25,Wednesday,False,,True,High
ORD1042,2025-01-13,Rahul,rahul66@gmail.com,9792040786.0,Mumbai,Maharashtra,Bottle,Home,4.0,1999.0,15.0,Netbanking,Delivered,,7996.0,1199.4,6796.6,2025,1,January,13,Monday,False,,True,Medium
ORD1043,2025-04-16,Rahul,rahul61@gmail.com,9157741059.0,Delhi,Delhi,Laptop,Electronics,2.0,2599.0,5.0,Cod,Pending,,5198.0,259.9,4938.1,2025,4,April,16,Wednesday,False,,False,Low
ORD1044,2025-06-09,Rahul,rahul93@gmail.com,Unknown,Lucknow,Up,Bottle,Home,3.0,4999.0,0.0,Netbanking,Delivered,,14997.0,0.0,14997.0,2025,6,June,9,Monday,False,,True,Medium
ORD1046,2025-02-08,Rahul,rahul60@gmail.com,9674821417.0,Pune,Maharashtra,Shoes,Fashion,3.0,499.0,0.0,Card,Pending,,1497.0,0.0,1497.0,2025,2,February,8,Saturday,True,,False,Medium
ORD1047,2025-03-17,Rohit,rohit24@gmail.com,9603990367.0,Jaipur,Rajasthan,Shoes,Fashion,1.0,999.0,20.0,Netbanking,Cancelled,,999.0,199.8,799.2,2025,3,March,17,Monday,False,,False,Low
ORD1048,2025-02-25,Sneha,sneha28@gmail.com,9177495407.0,Bengaluru,Karnataka,Shoes,Fashion,3.0,1999.0,0.0,Wallet,Cancelled,,5997.0,0.0,5997.0,2025,2,February,25,Tuesday,False,,True,Medium
ORD1049,2025-04-15,Amit,amit42@gmail.com,9533399379.0,Lucknow,Up,Watch,Fashion,5.0,2599.0,0.0,Cod,Returned,,12995.0,0.0,12995.0,2025,4,April,15,Tuesday,False,,True,High
ORD1050,2025-02-15,Priya,priya65@gmail.com,9841250922.0,Mumbai,Maharashtra,Chair,Furniture,3.0,1999.0,15.0,Card,Returned,,5997.0,899.55,5097.45,2025,2,February,15,Saturday,True,,True,Medium
ORD1051,2025-05-24,Sneha,sneha52@gmail.com,9643197286.0,Lucknow,Up,Laptop,Electronics,3.0,499.0,10.0,Wallet,Pending,,1497.0,149.7,1347.3,2025,5,May,24,Saturday,True,,False,Medium
ORD1052,2025-02-25,Sneha,sneha63@gmail.com,9276376917.0,Pune,Maharashtra,Mouse,Electronics,5.0,9999.0,0.0,Upi,Returned,,49995.0,0.0,49995.0,2025,2,February,25,Tuesday,False,,True,High
ORD1053,2025-05-23,Sneha,sneha39@gmail.com,9432994066.0,Mumbai,Maharashtra,Laptop,Electronics,1.0,1999.0,0.0,Cod,Delivered,,1999.0,0.0,1999.0,2025,5,May,23,Friday,False,,False,Low
ORD1055,2025-03-19,Priya,priya20@gmail.com,9224364160.0,Pune,Maharashtra,Mouse,Electronics,3.0,999.0,0.0,Upi,Cancelled,,2997.0,0.0,2997.0,2025,3,March,19,Wednesday,False,,False,Medium
ORD1056,2025-05-29,Neha,neha98@gmail.com,9481676392.0,Pune,Maharashtra,Chair,Furniture,2.0,9999.0,15.0,Cod,Cancelled,,19998.0,2999.7,16998.3,2025,5,May,29,Thursday,False,,True,Low
ORD1057,2025-02-03,Rohit,rohit66@gmail.com,9358211659.0,Bengaluru,Karnataka,Chair,Furniture,5.0,1499.0,0.0,Wallet,Pending,,7495.0,0.0,7495.0,2025,2,February,3,Monday,False,,True,High
ORD1058,2025-02-12,Sneha,sneha17@gmail.com,9581041302.0,Jaipur,Rajasthan,Chair,Furniture,2.0,2599.0,15.0,Card,Cancelled,,5198.0,779.7,4418.3,2025,2,February,12,Wednesday,False,,False,Low
ORD1059,2025-05-07,Vikas,vikas8@gmail.com,9966346542.0,Pune,Maharashtra,Mouse,Electronics,5.0,999.0,0.0,Netbanking,Delivered,,4995.0,0.0,4995.0,2025,5,May,7,Wednesday,False,,False,High
ORD1060,2025-04-09,Rohit,rohit64@gmail.com,9848493769.0,Delhi,Delhi,Laptop,Electronics,5.0,999.0,0.0,Cod,Returned,,4995.0,0.0,4995.0,2025,4,April,9,Wednesday,False,,False,High
ORD1061,2025-06-01,Vikas,vikas12@gmail.com,9714988193.0,Jaipur,Rajasthan,Shoes,Fashion,5.0,499.0,10.0,Upi,Cancelled,,2495.0,249.5,2245.5,2025,6,June,1,Sunday,True,,False,High
ORD1062,2025-06-29,Amit,amit18gmail.com,9177835684.0,Pune,Maharashtra,Watch,Fashion,1.0,499.0,20.0,Upi,Delivered,2025-07-07,499.0,99.8,399.2,2025,6,June,29,Sunday,True,8.0,False,Low
ORD1064,2025-06-28,Rohit,rohit44@gmail.com,9745435168.0,Lucknow,Up,Bottle,Home,1.0,1999.0,5.0,Netbanking,Cancelled,,1999.0,99.95,1899.05,2025,6,June,28,Saturday,True,,False,Low
ORD1065,2025-04-27,Sneha,sneha92@gmail.com,9231780669.0,Mumbai,Maharashtra,Shoes,Fashion,3.0,1499.0,10.0,Netbanking,Pending,,4497.0,449.7,4047.3,2025,4,April,27,Sunday,True,,False,Medium
ORD1066,2025-05-05,Neha,neha26@gmail.com,Unknown,Mumbai,Maharashtra,Watch,Fashion,5.0,2599.0,20.0,Card,Returned,,12995.0,2599.0,10396.0,2025,5,May,5,Monday,False,,True,High
ORD1067,2025-03-10,Sneha,sneha9@gmail.com,9631416622.0,Delhi,Delhi,Shoes,Fashion,1.0,1999.0,0.0,Netbanking,Returned,,1999.0,0.0,1999.0,2025,3,March,10,Monday,False,,False,Low
ORD1068,2025-05-23,Neha,neha36@gmail.com,9533724406.0,Mumbai,Maharashtra,Chair,Furniture,3.0,1999.0,0.0,Wallet,Returned,,5997.0,0.0,5997.0,2025,5,May,23,Friday,False,,True,Medium
ORD1069,2025-01-20,Vikas,vikas55@gmail.com,9385463872.0,Lucknow,Up,Shoes,Fashion,1.0,4999.0,0.0,Card,Cancelled,,4999.0,0.0,4999.0,2025,1,January,20,Monday,False,,False,Low
ORD1070,2025-02-28,Sneha,sneha18@gmail.com,9191665927.0,Delhi,Delhi,Chair,Furniture,1.0,499.0,0.0,Wallet,Cancelled,,499.0,0.0,499.0,2025,2,February,28,Friday,False,,False,Low
ORD1071,2025-01-13,Priya,priya8@gmail.com,9398321309.0,Delhi,Delhi,Laptop,Electronics,4.0,999.0,15.0,Card,Returned,,3996.0,599.4,3396.6,2025,1,January,13,Monday,False,,False,Medium
ORD1074,2025-06-15,Neha,neha79@gmail.com,9851707847.0,Pune,Maharashtra,Chair,Furniture,5.0,4999.0,20.0,Card,Delivered,,24995.0,4999.0,19996.0,2025,6,June,15,Sunday,True,,True,High
ORD1075,2025-05-20,Vikas,vikas2@gmail.com,9934129735.0,Pune,Maharashtra,Mouse,Electronics,4.0,4999.0,5.0,Netbanking,Pending,,19996.0,999.8,18996.2,2025,5,May,20,Tuesday,False,,True,Medium
ORD1076,2025-06-13,Priya,priya23@gmail.com,9591634565.0,Lucknow,Up,Watch,Fashion,3.0,2599.0,20.0,Netbanking,Delivered,,7797.0,1559.4,6237.6,2025,6,June,13,Friday,False,,True,Medium
ORD1077,2025-01-24,Neha,neha85@gmail.com,9919894416.0,Mumbai,Maharashtra,Bottle,Home,2.0,499.0,0.0,Wallet,Cancelled,,998.0,0.0,998.0,2025,1,January,24,Friday,False,,False,Low
ORD1078,2025-02-01,Neha,neha42@gmail.com,9561350940.0,Lucknow,Up,Chair,Furniture,5.0,1499.0,20.0,Card,Pending,,7495.0,1499.0,5996.0,2025,2,February,1,Saturday,True,,True,High
ORD1079,2025-01-27,Priya,priya59@gmail.com,9961124731.0,Lucknow,Up,Mouse,Electronics,1.0,1999.0,15.0,Card,Returned,,1999.0,299.85,1699.15,2025,1,January,27,Monday,False,,False,Low
ORD1082,2025-06-01,Vikas,vikas84@gmail.com,9289950400.0,Pune,Maharashtra,Watch,Fashion,3.0,1999.0,5.0,Cod,Pending,,5997.0,299.85,5697.15,2025,6,June,1,Sunday,True,,True,Medium
ORD1083,2025-05-14,Priya,priya17@gmail.com,9678334449.0,Bengaluru,Karnataka,Shoes,Fashion,5.0,2599.0,15.0,Wallet,Cancelled,,12995.0,1949.25,11045.75,2025,5,May,14,Wednesday,False,,True,High
ORD1084,2025-01-28,Sneha,sneha42@gmail.com,9224233737.0,Delhi,Delhi,Mouse,Electronics,5.0,1999.0,5.0,Upi,Delivered,2025-04-02,9995.0,499.75,9495.25,2025,1,January,28,Tuesday,False,64.0,True,High
ORD1085,2025-01-02,Vikas,vikas8@gmail.com,9811000878.0,Mumbai,Maharashtra,Chair,Furniture,1.0,1999.0,15.0,Card,Returned,,1999.0,299.85,1699.15,2025,1,January,2,Thursday,False,,False,Low
ORD1086,2025-03-24,Rahul,rahul51@gmail.com,9334759931.0,Lucknow,Up,Mouse,Electronics,5.0,2599.0,5.0,Card,Delivered,,12995.0,649.75,12345.25,2025,3,March,24,Monday,False,,True,High
ORD1087,2025-04-22,Vikas,vikas58@gmail.com,9709409870.0,Bengaluru,Karnataka,Bottle,Home,5.0,2599.0,10.0,Card,Delivered,,12995.0,1299.5,11695.5,2025,4,April,22,Tuesday,False,,True,High
ORD1088,2025-05-04,Rahul,rahul31@gmail.com,Unknown,Bengaluru,Karnataka,Bottle,Home,5.0,9999.0,10.0,Card,Cancelled,,49995.0,4999.5,44995.5,2025,5,May,4,Sunday,True,,True,High
ORD1089,2025-06-16,Vikas,vikas11@gmail.com,9565018695.0,Jaipur,Rajasthan,Shoes,Fashion,3.0,4999.0,0.0,Cod,Delivered,,14997.0,0.0,14997.0,2025,6,June,16,Monday,False,,True,Medium
ORD1091,2025-03-10,Sneha,sneha83@gmail.com,9351580623.0,Bengaluru,Karnataka,Bottle,Home,3.0,4999.0,0.0,Cod,Cancelled,,14997.0,0.0,14997.0,2025,3,March,10,Monday,False,,True,Medium
ORD1092,2025-04-29,Sneha,sneha41@gmail.com,9363257894.0,Lucknow,Up,Shoes,Fashion,3.0,4999.0,0.0,Card,Returned,,14997.0,0.0,14997.0,2025,4,April,29,Tuesday,False,,True,Medium
ORD1093,2025-06-21,Priya,priya20gmail.com,9980807282.0,Mumbai,Maharashtra,Laptop,Electronics,2.0,9999.0,0.0,Netbanking,Returned,,19998.0,0.0,19998.0,2025,6,June,21,Saturday,True,,True,Low
ORD1094,2025-05-17,Rohit,rohit4@gmail.com,9462327553.0,Delhi,Delhi,Mouse,Electronics,3.0,9999.0,0.0,Upi,Pending,,29997.0,0.0,29997.0,2025,5,May,17,Saturday,True,,True,Medium
ORD1095,2025-04-05,Rahul,rahul23@gmail.com,9141462098.0,Delhi,Delhi,Chair,Furniture,2.0,999.0,15.0,Upi,Cancelled,,1998.0,299.7,1698.3,2025,4,April,5,Saturday,True,,False,Low
ORD1096,2025-04-05,Rohit,rohit73@gmail.com,9444104993.0,Mumbai,Maharashtra,Shoes,Fashion,5.0,1999.0,0.0,Upi,Pending,,9995.0,0.0,9995.0,2025,4,April,5,Saturday,True,,True,High
ORD1097,2025-04-01,Sneha,sneha71@gmail.com,9339643495.0,Mumbai,Maharashtra,Shoes,Fashion,1.0,1999.0,0.0,Card,Delivered,2025-07-04,1999.0,0.0,1999.0,2025,4,April,1,Tuesday,False,94.0,False,Low
ORD1098,2025-06-01,Neha,neha42@gmail.com,9795658556.0,Mumbai,Maharashtra,Chair,Furniture,5.0,9999.0,15.0,Cod,Returned,,49995.0,7499.25,42495.75,2025,6,June,1,Sunday,True,,True,High
ORD1100,2025-03-18,Priya,priya72@gmail.com,9126426468.0,Pune,Maharashtra,Mouse,Electronics,5.0,499.0,15.0,Cod,Pending,,2495.0,374.25,2120.75,2025,3,March,18,Tuesday,False,,False,High
ORD1101,2025-01-11,Neha,neha11@gmail.com,9496797675.0,Mumbai,Maharashtra,Chair,Furniture,3.0,499.0,20.0,Upi,Pending,,1497.0,299.4,1197.6,2025,1,January,11,Saturday,True,,False,Medium
ORD1102,2025-01-07,Sneha,sneha37@gmail.com,9507523995.0,Mumbai,Maharashtra,Chair,Furniture,5.0,2599.0,5.0,Cod,Pending,,12995.0,649.75,12345.25,2025,1,January,7,Tuesday,False,,True,High
ORD1103,2025-01-26,Rohit,rohit37@gmail.com,9792751135.0,Pune,Maharashtra,Mouse,Electronics,2.0,999.0,20.0,Wallet,Cancelled,,1998.0,399.6,1598.4,2025,1,January,26,Sunday,True,,False,Low
ORD1104,2025-06-09,Vikas,vikas78@gmail.com,9921698580.0,Jaipur,Rajasthan,Shoes,Fashion,3.0,1999.0,20.0,Cod,Cancelled,,5997.0,1199.4,4797.6,2025,6,June,9,Monday,False,,False,Medium
ORD1105,2025-04-16,Sneha,sneha29@gmail.com,9130855060.0,Lucknow,Up,Laptop,Electronics,4.0,9999.0,0.0,Cod,Cancelled,,39996.0,0.0,39996.0,2025,4,April,16,Wednesday,False,,True,Medium
ORD1106,2025-05-23,Rohit,rohit23@gmail.com,9223201376.0,Mumbai,Maharashtra,Bottle,Home,3.0,2599.0,15.0,Wallet,Delivered,,7797.0,1169.55,6627.45,2025,5,May,23,Friday,False,,True,Medium
ORD1107,2025-01-25,Priya,priya18@gmail.com,9857341843.0,Bengaluru,Karnataka,Laptop,Electronics,3.0,1999.0,0.0,Wallet,Returned,,5997.0,0.0,5997.0,2025,1,January,25,Saturday,True,,True,Medium
ORD1109,2025-05-09,Priya,priya47@gmail.com,9771632294.0,Jaipur,Rajasthan,Chair,Furniture,2.0,9999.0,0.0,Wallet,Returned,,19998.0,0.0,19998.0,2025,5,May,9,Friday,False,,True,Low
ORD1110,2025-05-16,Sneha,sneha32@gmail.com,Unknown,Lucknow,Up,Bottle,Home,2.0,999.0,0.0,Netbanking,Returned,,1998.0,0.0,1998.0,2025,5,May,16,Friday,False,,False,Low
ORD1111,2025-04-09,Rohit,rohit76@gmail.com,9978213662.0,Pune,Maharashtra,Shoes,Fashion,1.0,2599.0,15.0,Netbanking,Returned,,2599.0,389.85,2209.15,2025,4,April,9,Wednesday,False,,False,Low
ORD1112,2025-05-31,Rohit,rohit23@gmail.com,9476674723.0,Bengaluru,Karnataka,Bottle,Home,4.0,2599.0,15.0,Upi,Delivered,,10396.0,1559.4,8836.6,2025,5,May,31,Saturday,True,,True,Medium
ORD1113,2025-02-10,Amit,amit39@gmail.com,9125790157.0,Lucknow,Up,Laptop,Electronics,4.0,499.0,0.0,Netbanking,Cancelled,,1996.0,0.0,1996.0,2025,2,February,10,Monday,False,,False,Medium
ORD1114,2025-06-23,Rahul,rahul27@gmail.com,9963695338.0,Jaipur,Rajasthan,Chair,Furniture,5.0,999.0,10.0,Wallet,Returned,,4995.0,499.5,4495.5,2025,6,June,23,Monday,False,,False,High
ORD1115,2025-05-25,Rahul,rahul17@gmail.com,9306692646.0,Delhi,Delhi,Shoes,Fashion,2.0,2599.0,10.0,Cod,Cancelled,,5198.0,519.8,4678.2,2025,5,May,25,Sunday,True,,False,Low
ORD1116,2025-01-16,Neha,neha74@gmail.com,9328163443.0,Mumbai,Maharashtra,Watch,Fashion,4.0,1499.0,0.0,Netbanking,Pending,,5996.0,0.0,5996.0,2025,1,January,16,Thursday,False,,True,Medium
ORD1118,2025-01-04,Amit,amit84@gmail.com,9723634829.0,Jaipur,Rajasthan,Mouse,Electronics,3.0,9999.0,10.0,Cod,Cancelled,,29997.0,2999.7,26997.3,2025,1,January,4,Saturday,True,,True,Medium
ORD1119,2025-02-12,Rohit,rohit97@gmail.com,9739414080.0,Bengaluru,Karnataka,Laptop,Electronics,5.0,1999.0,0.0,Upi,Cancelled,,9995.0,0.0,9995.0,2025,2,February,12,Wednesday,False,,True,High
ORD1121,2025-05-20,Vikas,vikas22@gmail.com,9870762927.0,Pune,Maharashtra,Mouse,Electronics,1.0,4999.0,10.0,Netbanking,Cancelled,,4999.0,499.9,4499.1,2025,5,May,20,Tuesday,False,,False,Low
ORD1122,2025-01-22,Neha,neha63@gmail.com,9156805257.0,Delhi,Delhi,Shoes,Fashion,3.0,1999.0,15.0,Wallet,Pending,,5997.0,899.55,5097.45,2025,1,January,22,Wednesday,False,,True,Medium
ORD1123,2025-04-30,Rohit,rohit35@gmail.com,9130062131.0,Mumbai,Maharashtra,Watch,Fashion,1.0,2599.0,10.0,Netbanking,Cancelled,,2599.0,259.9,2339.1,2025,4,April,30,Wednesday,False,,False,Low
ORD1124,2025-03-20,Rahul,rahul45gmail.com,9927031899.0,Jaipur,Rajasthan,Shoes,Fashion,3.0,999.0,20.0,Card,Pending,,2997.0,599.4,2397.6,2025,3,March,20,Thursday,False,,False,Medium
ORD1125,2025-01-09,Priya,priya18@gmail.com,9501386326.0,Lucknow,Up,Bottle,Home,1.0,1999.0,15.0,Wallet,Returned,,1999.0,299.85,1699.15,2025,1,January,9,Thursday,False,,False,Low
ORD1127,2025-01-01,Rahul,rahul90@gmail.com,9327541358.0,Delhi,Delhi,Watch,Fashion,4.0,999.0,0.0,Cod,Returned,,3996.0,0.0,3996.0,2025,1,January,1,Wednesday,False,,False,Medium
ORD1128,2025-02-21,Vikas,vikas76@gmail.com,9363445434.0,Mumbai,Maharashtra,Watch,Fashion,4.0,1499.0,15.0,Wallet,Returned,,5996.0,899.4,5096.6,2025,2,February,21,Friday,False,,True,Medium
ORD1129,2025-01-27,Amit,amit9@gmail.com,9325119847.0,Lucknow,Up,Shoes,Fashion,3.0,1999.0,0.0,Upi,Delivered,,5997.0,0.0,5997.0,2025,1,January,27,Monday,False,,True,Medium
ORD1130,2025-01-13,Priya,priya44@gmail.com,9916562666.0,Delhi,Delhi,Bottle,Home,2.0,1999.0,5.0,Card,Cancelled,,3998.0,199.9,3798.1,2025,1,January,13,Monday,False,,False,Low
ORD1131,2025-05-31,Sneha,sneha26@gmail.com,9292626295.0,Lucknow,Up,Bottle,Home,3.0,999.0,10.0,Upi,Returned,,2997.0,299.7,2697.3,2025,5,May,31,Saturday,True,,False,Medium
ORD1132,2025-03-29,Amit,amit24@gmail.com,Unknown,Bengaluru,Karnataka,Watch,Fashion,3.0,2599.0,0.0,Cod,Pending,,7797.0,0.0,7797.0,2025,3,March,29,Saturday,True,,True,Medium
ORD1133,2025-06-06,Vikas,vikas88@gmail.com,9376799977.0,Jaipur,Rajasthan,Watch,Fashion,3.0,1999.0,15.0,Cod,Cancelled,,5997.0,899.55,5097.45,2025,6,June,6,Friday,False,,True,Medium
ORD1134,2025-03-02,Vikas,vikas63@gmail.com,9988475551.0,Pune,Maharashtra,Laptop,Electronics,3.0,499.0,0.0,Wallet,Cancelled,,1497.0,0.0,1497.0,2025,3,March,2,Sunday,True,,False,Medium
ORD1136,2025-06-21,Rahul,rahul44@gmail.com,9843123958.0,Pune,Maharashtra,Mouse,Electronics,3.0,9999.0,10.0,Card,Delivered,,29997.0,2999.7,26997.3,2025,6,June,21,Saturday,True,,True,Medium
ORD1137,2025-05-08,Priya,priya19@gmail.com,9332427755.0,Delhi,Delhi,Mouse,Electronics,5.0,4999.0,10.0,Card,Pending,,24995.0,2499.5,22495.5,2025,5,May,8,Thursday,False,,True,High
ORD1138,2025-05-09,Rahul,rahul11@gmail.com,9944201387.0,Lucknow,Up,Shoes,Fashion,5.0,4999.0,5.0,Upi,Delivered,,24995.0,1249.75,23745.25,2025,5,May,9,Friday,False,,True,High
ORD1139,2025-04-23,Amit,amit5@gmail.com,9371222104.0,Bengaluru,Karnataka,Bottle,Home,3.0,2599.0,0.0,Upi,Cancelled,,7797.0,0.0,7797.0,2025,4,April,23,Wednesday,False,,True,Medium
ORD1140,2025-05-05,Neha,neha87@gmail.com,9450353595.0,Lucknow,Up,Laptop,Electronics,1.0,4999.0,10.0,Netbanking,Cancelled,,4999.0,499.9,4499.1,2025,5,May,5,Monday,False,,False,Low
ORD1141,2025-05-12,Amit,amit95@gmail.com,9184871973.0,Pune,Maharashtra,Chair,Furniture,5.0,9999.0,0.0,Wallet,Cancelled,,49995.0,0.0,49995.0,2025,5,May,12,Monday,False,,True,High
ORD1142,2025-06-18,Vikas,vikas38@gmail.com,9879878656.0,Mumbai,Maharashtra,Shoes,Fashion,5.0,1999.0,0.0,Card,Cancelled,,9995.0,0.0,9995.0,2025,6,June,18,Wednesday,False,,True,High
ORD1143,2025-04-16,Neha,neha16@gmail.com,9599207109.0,Bengaluru,Karnataka,Chair,Furniture,5.0,4999.0,0.0,Cod,Returned,,24995.0,0.0,24995.0,2025,4,April,16,Wednesday,False,,True,High
ORD1145,2025-04-27,Rahul,rahul70@gmail.com,9503257666.0,Mumbai,Maharashtra,Bottle,Home,1.0,1499.0,0.0,Cod,Pending,,1499.0,0.0,1499.0,2025,4,April,27,Sunday,True,,False,Low
ORD1147,2025-05-27,Priya,priya22@gmail.com,9477542989.0,Pune,Maharashtra,Bottle,Home,3.0,499.0,15.0,Netbanking,Returned,,1497.0,224.55,1272.45,2025,5,May,27,Tuesday,False,,False,Medium
ORD1148,2025-03-28,Rahul,rahul11@gmail.com,9859241823.0,Mumbai,Maharashtra,Watch,Fashion,1.0,999.0,20.0,Cod,Cancelled,,999.0,199.8,799.2,2025,3,March,28,Friday,False,,False,Low
ORD1149,2025-04-01,Priya,priya44@gmail.com,9690060173.0,Pune,Maharashtra,Shoes,Fashion,2.0,1999.0,0.0,Netbanking,Returned,,3998.0,0.0,3998.0,2025,4,April,1,Tuesday,False,,False,Low
ORD1150,2025-05-15,Rohit,rohit3@gmail.com,9783266736.0,Mumbai,Maharashtra,Shoes,Fashion,5.0,2599.0,10.0,Upi,Cancelled,,12995.0,1299.5,11695.5,2025,5,May,15,Thursday,False,,True,High
ORD1151,2025-02-14,Amit,amit62@gmail.com,9779578645.0,Delhi,Delhi,Mouse,Electronics,1.0,2599.0,10.0,Wallet,Delivered,,2599.0,259.9,2339.1,2025,2,February,14,Friday,False,,False,Low
ORD1152,2025-06-18,Sneha,sneha20@gmail.com,9205144628.0,Jaipur,Rajasthan,Shoes,Fashion,2.0,4999.0,0.0,Wallet,Pending,,9998.0,0.0,9998.0,2025,6,June,18,Wednesday,False,,True,Low
ORD1154,2025-04-24,Priya,priya58@gmail.com,Unknown,Pune,Maharashtra,Shoes,Fashion,5.0,2599.0,0.0,Netbanking,Delivered,,12995.0,0.0,12995.0,2025,4,April,24,Thursday,False,,True,High
ORD1155,2025-04-07,Amit,amit98gmail.com,9597661845.0,Mumbai,Maharashtra,Watch,Fashion,1.0,1499.0,0.0,Cod,Delivered,,1499.0,0.0,1499.0,2025,4,April,7,Monday,False,,False,Low
ORD1156,2025-02-19,Neha,neha27@gmail.com,9482580040.0,Bengaluru,Karnataka,Laptop,Electronics,3.0,4999.0,15.0,Wallet,Delivered,,14997.0,2249.55,12747.45,2025,2,February,19,Wednesday,False,,True,Medium
ORD1157,2025-02-11,Amit,amit67@gmail.com,9600093777.0,Delhi,Delhi,Laptop,Electronics,3.0,1999.0,0.0,Card,Cancelled,,5997.0,0.0,5997.0,2025,2,February,11,Tuesday,False,,True,Medium
ORD1158,2025-06-09,Rohit,rohit77@gmail.com,9893447040.0,Lucknow,Up,Chair,Furniture,2.0,9999.0,20.0,Wallet,Delivered,,19998.0,3999.6,15998.4,2025,6,June,9,Monday,False,,True,Low
ORD1159,2025-03-11,Neha,neha72@gmail.com,9719104422.0,Bengaluru,Karnataka,Laptop,Electronics,3.0,2599.0,0.0,Wallet,Cancelled,,7797.0,0.0,7797.0,2025,3,March,11,Tuesday,False,,True,Medium
ORD1161,2025-06-30,Priya,priya55@gmail.com,9835595944.0,Mumbai,Maharashtra,Chair,Furniture,4.0,1499.0,20.0,Wallet,Delivered,2025-08-07,5996.0,1199.2,4796.8,2025,6,June,30,Monday,False,38.0,False,Medium
ORD1163,2025-02-12,Rahul,rahul56@gmail.com,9611164415.0,Delhi,Delhi,Shoes,Fashion,3.0,2599.0,0.0,Wallet,Delivered,,7797.0,0.0,7797.0,2025,2,February,12,Wednesday,False,,True,Medium
ORD1164,2025-04-03,Vikas,vikas56@gmail.com,9849315681.0,Lucknow,Up,Bottle,Home,5.0,2599.0,15.0,Cod,Delivered,2025-10-04,12995.0,1949.25,11045.75,2025,4,April,3,Thursday,False,184.0,True,High
ORD1165,2025-04-19,Neha,neha28@gmail.com,9235161022.0,Mumbai,Maharashtra,Laptop,Electronics,2.0,499.0,0.0,Upi,Pending,,998.0,0.0,998.0,2025,4,April,19,Saturday,True,,False,Low
ORD1166,2025-04-02,Neha,neha3@gmail.com,9921574268.0,Delhi,Delhi,Chair,Furniture,5.0,1499.0,20.0,Cod,Delivered,2025-04-04,7495.0,1499.0,5996.0,2025,4,April,2,Wednesday,False,2.0,True,High
ORD1167,2025-05-25,Sneha,sneha62@gmail.com,9501654641.0,Mumbai,Maharashtra,Mouse,Electronics,3.0,499.0,0.0,Netbanking,Delivered,,1497.0,0.0,1497.0,2025,5,May,25,Sunday,True,,False,Medium
ORD1168,2025-02-27,Vikas,vikas27@gmail.com,9983080625.0,Lucknow,Up,Watch,Fashion,1.0,2599.0,15.0,Netbanking,Returned,,2599.0,389.85,2209.15,2025,2,February,27,Thursday,False,,False,Low
ORD1169,2025-02-28,Rahul,rahul11@gmail.com,9846751763.0,Delhi,Delhi,Watch,Fashion,3.0,999.0,15.0,Cod,Cancelled,,2997.0,449.55,2547.45,2025,2,February,28,Friday,False,,False,Medium
ORD1170,2025-01-21,Neha,neha82@gmail.com,9558798402.0,Jaipur,Rajasthan,Shoes,Fashion,5.0,1499.0,0.0,Cod,Delivered,,7495.0,0.0,7495.0,2025,1,January,21,Tuesday,False,,True,High
ORD1172,2025-02-26,Neha,neha16@gmail.com,9521714786.0,Pune,Maharashtra,Mouse,Electronics,3.0,499.0,0.0,Wallet,Pending,,1497.0,0.0,1497.0,2025,2,February,26,Wednesday,False,,False,Medium
ORD1173,2025-04-26,Rahul,rahul89@gmail.com,9999073839.0,Bengaluru,Karnataka,Watch,Fashion,1.0,4999.0,15.0,Cod,Cancelled,,4999.0,749.85,4249.15,2025,4,April,26,Saturday,True,,False,Low
ORD1174,2025-02-15,Priya,priya60@gmail.com,9842003798.0,Bengaluru,Karnataka,Bottle,Home,3.0,1999.0,0.0,Cod,Delivered,,5997.0,0.0,5997.0,2025,2,February,15,Saturday,True,,True,Medium
ORD1175,2025-02-26,Rahul,rahul22@gmail.com,9423004673.0,Delhi,Delhi,Watch,Fashion,1.0,1499.0,5.0,Wallet,Returned,,1499.0,74.95,1424.05,2025,2,February,26,Wednesday,False,,False,Low
ORD1176,2025-06-03,Neha,neha19@gmail.com,Unknown,Mumbai,Maharashtra,Mouse,Electronics,3.0,4999.0,10.0,Wallet,Pending,,14997.0,1499.7,13497.3,2025,6,June,3,Tuesday,False,,True,Medium
ORD1177,2025-04-07,Priya,priya13@gmail.com,9461242197.0,Jaipur,Rajasthan,Shoes,Fashion,4.0,1999.0,20.0,Cod,Returned,,7996.0,1599.2,6396.8,2025,4,April,7,Monday,False,,True,Medium
ORD1178,2025-04-26,Rohit,rohit52@gmail.com,9667967484.0,Lucknow,Up,Watch,Fashion,3.0,999.0,10.0,Upi,Cancelled,,2997.0,299.7,2697.3,2025,4,April,26,Saturday,True,,False,Medium
ORD1179,2025-05-19,Amit,amit49@gmail.com,9617911882.0,Mumbai,Maharashtra,Watch,Fashion,4.0,4999.0,0.0,Card,Cancelled,,19996.0,0.0,19996.0,2025,5,May,19,Monday,False,,True,Medium
ORD1181,2025-03-19,Amit,amit5@gmail.com,9421136377.0,Delhi,Delhi,Laptop,Electronics,3.0,1499.0,15.0,Cod,Cancelled,,4497.0,674.55,3822.45,2025,3,March,19,Wednesday,False,,False,Medium
ORD1182,2025-06-25,Rahul,rahul46@gmail.com,9993898089.0,Bengaluru,Karnataka,Bottle,Home,5.0,499.0,20.0,Netbanking,Returned,,2495.0,499.0,1996.0,2025,6,June,25,Wednesday,False,,False,High
ORD1183,2025-04-12,Amit,amit77@gmail.com,9241602288.0,Delhi,Delhi,Bottle,Home,4.0,9999.0,20.0,Netbanking,Cancelled,,39996.0,7999.2,31996.8,2025,4,April,12,Saturday,True,,True,Medium
ORD1184,2025-06-30,Priya,priya37@gmail.com,9830144426.0,Jaipur,Rajasthan,Chair,Furniture,3.0,4999.0,20.0,Card,Pending,,14997.0,2999.4,11997.6,2025,6,June,30,Monday,False,,True,Medium
ORD1185,2025-02-14,Rahul,rahul56@gmail.com,9870048875.0,Delhi,Delhi,Watch,Fashion,1.0,999.0,0.0,Netbanking,Cancelled,,999.0,0.0,999.0,2025,2,February,14,Friday,False,,False,Low
ORD1186,2025-03-31,Vikas,vikas44gmail.com,9462113296.0,Mumbai,Maharashtra,Chair,Furniture,3.0,499.0,10.0,Card,Pending,,1497.0,149.7,1347.3,2025,3,March,31,Monday,False,,False,Medium
ORD1187,2025-06-06,Rahul,rahul91@gmail.com,9299209389.0,Delhi,Delhi,Mouse,Electronics,5.0,2599.0,0.0,Card,Returned,,12995.0,0.0,12995.0,2025,6,June,6,Friday,False,,True,High
ORD1188,2025-02-18,Rohit,rohit68@gmail.com,9134839694.0,Mumbai,Maharashtra,Mouse,Electronics,3.0,2599.0,15.0,Cod,Cancelled,,7797.0,1169.55,6627.45,2025,2,February,18,Tuesday,False,,True,Medium
ORD1190,2025-06-27,Rohit,rohit72@gmail.com,9828064790.0,Bengaluru,Karnataka,Laptop,Electronics,3.0,1499.0,0.0,Netbanking,Delivered,,4497.0,0.0,4497.0,2025,6,June,27,Friday,False,,False,Medium
ORD1191,2025-05-10,Sneha,sneha85@gmail.com,9260651088.0,Bengaluru,Karnataka,Bottle,Home,3.0,1999.0,20.0,Wallet,Delivered,,5997.0,1199.4,4797.6,2025,5,May,10,Saturday,True,,False,Medium
ORD1192,2025-04-10,Sneha,sneha47@gmail.com,9346739926.0,Lucknow,Up,Chair,Furniture,2.0,1499.0,0.0,Upi,Returned,,2998.0,0.0,2998.0,2025,4,April,10,Thursday,False,,False,Low
ORD1193,2025-02-24,Rahul,rahul83@gmail.com,9914184322.0,Pune,Maharashtra,Bottle,Home,3.0,499.0,0.0,Wallet,Returned,,1497.0,0.0,1497.0,2025,2,February,24,Monday,False,,False,Medium
ORD1194,2025-05-17,Neha,neha48@gmail.com,9251581328.0,Bengaluru,Karnataka,Laptop,Electronics,5.0,1499.0,0.0,Card,Delivered,,7495.0,0.0,7495.0,2025,5,May,17,Saturday,True,,True,High
ORD1195,2025-06-26,Rahul,rahul97@gmail.com,9670476961.0,Pune,Maharashtra,Shoes,Fashion,2.0,9999.0,20.0,Cod,Delivered,,19998.0,3999.6,15998.4,2025,6,June,26,Thursday,False,,True,Low
ORD1196,2025-05-19,Rohit,rohit36@gmail.com,9343829003.0,Lucknow,Up,Laptop,Electronics,4.0,9999.0,20.0,Cod,Delivered,,39996.0,7999.2,31996.8,2025,5,May,19,Monday,False,,True,Medium
ORD1197,2025-03-31,Rahul,rahul76@gmail.com,9977813525.0,Mumbai,Maharashtra,Watch,Fashion,5.0,499.0,0.0,Cod,Delivered,2025-07-04,2495.0,0.0,2495.0,2025,3,March,31,Monday,False,95.0,False,High
ORD1199,2025-03-16,Priya,priya25@gmail.com,9827915503.0,Mumbai,Maharashtra,Chair,Furniture,3.0,499.0,0.0,Netbanking,Returned,,1497.0,0.0,1497.0,2025,3,March,16,Sunday,True,,False,Medium
ORD1201,2025-01-24,Rohit,rohit31@gmail.com,9117012775.0,Bengaluru,Karnataka,Shoes,Fashion,2.0,1999.0,0.0,Upi,Delivered,,3998.0,0.0,3998.0,2025,1,January,24,Friday,False,,False,Low
ORD1202,2025-05-16,Rohit,rohit29@gmail.com,9297341581.0,Bengaluru,Karnataka,Chair,Furniture,5.0,9999.0,0.0,Wallet,Delivered,,49995.0,0.0,49995.0,2025,5,May,16,Friday,False,,True,High
ORD1203,2025-04-29,Vikas,vikas36@gmail.com,9900923665.0,Bengaluru,Karnataka,Bottle,Home,4.0,2599.0,20.0,Upi,Cancelled,,10396.0,2079.2,8316.8,2025,4,April,29,Tuesday,False,,True,Medium
ORD1204,2025-04-27,Amit,amit28@gmail.com,9221581146.0,Lucknow,Up,Chair,Furniture,2.0,2599.0,0.0,Netbanking,Pending,,5198.0,0.0,5198.0,2025,4,April,27,Sunday,True,,True,Low
ORD1205,2025-05-01,Sneha,sneha50@gmail.com,9244857483.0,Pune,Maharashtra,Watch,Fashion,3.0,9999.0,0.0,Cod,Delivered,,29997.0,0.0,29997.0,2025,5,May,1,Thursday,False,,True,Medium
ORD1206,2025-03-17,Vikas,vikas95@gmail.com,9428593006.0,Bengaluru,Karnataka,Chair,Furniture,2.0,9999.0,0.0,Upi,Cancelled,,19998.0,0.0,19998.0,2025,3,March,17,Monday,False,,True,Low
ORD1208,2025-02-19,Sneha,sneha2@gmail.com,9448697337.0,Delhi,Delhi,Chair,Furniture,3.0,1499.0,0.0,Upi,Pending,,4497.0,0.0,4497.0,2025,2,February,19,Wednesday,False,,False,Medium
ORD1209,2025-04-06,Sneha,sneha58@gmail.com,9630635911.0,Pune,Maharashtra,Mouse,Electronics,3.0,1999.0,0.0,Cod,Pending,,5997.0,0.0,5997.0,2025,4,April,6,Sunday,True,,True,Medium
ORD1210,2025-03-30,Amit,amit72@gmail.com,9629685031.0,Mumbai,Maharashtra,Laptop,Electronics,3.0,1999.0,0.0,Cod,Returned,,5997.0,0.0,5997.0,2025,3,March,30,Sunday,True,,True,Medium
ORD1211,2025-02-25,Rahul,rahul53@gmail.com,9264832711.0,Bengaluru,Karnataka,Chair,Furniture,3.0,1499.0,0.0,Cod,Returned,,4497.0,0.0,4497.0,2025,2,February,25,Tuesday,False,,False,Medium
ORD1212,2025-01-14,Rohit,rohit67@gmail.com,9919764359.0,Pune,Maharashtra,Laptop,Electronics,5.0,1999.0,20.0,Netbanking,Delivered,,9995.0,1999.0,7996.0,2025,1,January,14,Tuesday,False,,True,High
ORD1213,2025-03-24,Vikas,vikas32@gmail.com,9725923904.0,Mumbai,Maharashtra,Mouse,Electronics,5.0,1499.0,0.0,Upi,Cancelled,,7495.0,0.0,7495.0,2025,3,March,24,Monday,False,,True,High
ORD1214,2025-01-22,Neha,neha23@gmail.com,9763321213.0,Lucknow,Up,Shoes,Fashion,5.0,1999.0,0.0,Netbanking,Pending,,9995.0,0.0,9995.0,2025,1,January,22,Wednesday,False,,True,High
ORD1215,2025-04-11,Vikas,vikas57@gmail.com,9116763158.0,Jaipur,Rajasthan,Mouse,Electronics,5.0,9999.0,0.0,Wallet,Returned,,49995.0,0.0,49995.0,2025,4,April,11,Friday,False,,True,High
ORD1217,2025-04-25,Neha,neha6gmail.com,9913448662.0,Bengaluru,Karnataka,Laptop,Electronics,5.0,9999.0,10.0,Card,Returned,,49995.0,4999.5,44995.5,2025,4,April,25,Friday,False,,True,High
ORD1218,2025-05-21,Amit,amit29@gmail.com,9171906382.0,Lucknow,Up,Bottle,Home,2.0,1499.0,20.0,Upi,Returned,,2998.0,599.6,2398.4,2025,5,May,21,Wednesday,False,,False,Low
ORD1220,2025-04-04,Rohit,rohit96@gmail.com,Unknown,Bengaluru,Karnataka,Watch,Fashion,1.0,9999.0,10.0,Cod,Returned,,9999.0,999.9,8999.1,2025,4,April,4,Friday,False,,True,Low
ORD1221,2025-02-02,Vikas,vikas94@gmail.com,9250810488.0,Lucknow,Up,Bottle,Home,5.0,999.0,15.0,Netbanking,Returned,,4995.0,749.25,4245.75,2025,2,February,2,Sunday,True,,False,High
ORD1222,2025-05-27,Sneha,sneha39@gmail.com,9835766723.0,Lucknow,Up,Watch,Fashion,3.0,4999.0,15.0,Wallet,Returned,,14997.0,2249.55,12747.45,2025,5,May,27,Tuesday,False,,True,Medium
ORD1223,2025-05-01,Vikas,vikas81@gmail.com,9706847038.0,Pune,Maharashtra,Watch,Fashion,5.0,4999.0,10.0,Cod,Cancelled,,24995.0,2499.5,22495.5,2025,5,May,1,Thursday,False,,True,High
ORD1224,2025-03-15,Rahul,rahul61@gmail.com,9378954231.0,Mumbai,Maharashtra,Mouse,Electronics,2.0,4999.0,0.0,Cod,Returned,,9998.0,0.0,9998.0,2025,3,March,15,Saturday,True,,True,Low
ORD1226,2025-01-16,Rohit,rohit61@gmail.com,9334158867.0,Mumbai,Maharashtra,Watch,Fashion,5.0,499.0,20.0,Upi,Cancelled,,2495.0,499.0,1996.0,2025,1,January,16,Thursday,False,,False,High
ORD1227,2025-01-15,Rohit,rohit73@gmail.com,9753446036.0,Lucknow,Up,Bottle,Home,2.0,499.0,10.0,Netbanking,Returned,,998.0,99.8,898.2,2025,1,January,15,Wednesday,False,,False,Low
ORD1228,2025-03-06,Priya,priya72@gmail.com,9286654600.0,Bengaluru,Karnataka,Shoes,Fashion,2.0,499.0,15.0,Wallet,Pending,,998.0,149.7,848.3,2025,3,March,6,Thursday,False,,False,Low
ORD1229,2025-06-06,Rohit,rohit55@gmail.com,9202480572.0,Jaipur,Rajasthan,Bottle,Home,5.0,499.0,10.0,Wallet,Returned,,2495.0,249.5,2245.5,2025,6,June,6,Friday,False,,False,High
ORD1230,2025-01-23,Priya,priya62@gmail.com,9703144165.0,Delhi,Delhi,Shoes,Fashion,3.0,4999.0,0.0,Netbanking,Delivered,2025-02-02,14997.0,0.0,14997.0,2025,1,January,23,Thursday,False,10.0,True,Medium
ORD1231,2025-05-07,Neha,neha57@gmail.com,9311923454.0,Lucknow,Up,Bottle,Home,2.0,499.0,0.0,Upi,Delivered,2025-10-05,998.0,0.0,998.0,2025,5,May,7,Wednesday,False,151.0,False,Low
ORD1232,2025-01-02,Rohit,rohit3@gmail.com,9744822787.0,Pune,Maharashtra,Watch,Fashion,3.0,2599.0,10.0,Wallet,Delivered,2025-12-01,7797.0,779.7,7017.3,2025,1,January,2,Thursday,False,333.0,True,Medium
ORD1233,2025-04-23,Amit,amit78@gmail.com,9170597569.0,Delhi,Delhi,Bottle,Home,4.0,999.0,20.0,Netbanking,Pending,,3996.0,799.2,3196.8,2025,4,April,23,Wednesday,False,,False,Medium
ORD1235,2025-06-10,Rohit,rohit82@gmail.com,9786681008.0,Mumbai,Maharashtra,Laptop,Electronics,5.0,9999.0,0.0,Wallet,Returned,,49995.0,0.0,49995.0,2025,6,June,10,Tuesday,False,,True,High
ORD1236,2025-03-30,Sneha,sneha52@gmail.com,9467598211.0,Pune,Maharashtra,Shoes,Fashion,5.0,4999.0,20.0,Upi,Returned,,24995.0,4999.0,19996.0,2025,3,March,30,Sunday,True,,True,High
ORD1237,2025-02-08,Sneha,sneha64@gmail.com,9609840956.0,Delhi,Delhi,Mouse,Electronics,5.0,2599.0,10.0,Netbanking,Pending,,12995.0,1299.5,11695.5,2025,2,February,8,Saturday,True,,True,High
ORD1238,2025-02-13,Sneha,sneha20@gmail.com,9215923777.0,Jaipur,Rajasthan,Chair,Furniture,3.0,2599.0,20.0,Wallet,Returned,,7797.0,1559.4,6237.6,2025,2,February,13,Thursday,False,,True,Medium
ORD1239,2025-02-02,Amit,amit99@gmail.com,9298132383.0,Delhi,Delhi,Mouse,Electronics,4.0,4999.0,20.0,Cod,Delivered,2025-09-02,19996.0,3999.2,15996.8,2025,2,February,2,Sunday,True,212.0,True,Medium
ORD1241,2025-04-13,Rahul,rahul74@gmail.com,9266228954.0,Delhi,Delhi,Chair,Furniture,5.0,1499.0,0.0,Cod,Cancelled,,7495.0,0.0,7495.0,2025,4,April,13,Sunday,True,,True,High
ORD1242,2025-06-18,Priya,priya44@gmail.com,Unknown,Bengaluru,Karnataka,Chair,Furniture,4.0,9999.0,20.0,Netbanking,Returned,,39996.0,7999.2,31996.8,2025,6,June,18,Wednesday,False,,True,Medium
ORD1244,2025-01-19,Amit,amit54@gmail.com,9855809712.0,Mumbai,Maharashtra,Shoes,Fashion,5.0,499.0,10.0,Card,Pending,,2495.0,249.5,2245.5,2025,1,January,19,Sunday,True,,False,High
ORD1245,2025-04-20,Rahul,rahul89@gmail.com,9549999839.0,Delhi,Delhi,Chair,Furniture,5.0,1499.0,10.0,Cod,Pending,,7495.0,749.5,6745.5,2025,4,April,20,Sunday,True,,True,High
ORD1246,2025-06-18,Sneha,sneha96@gmail.com,9947789147.0,Mumbai,Maharashtra,Watch,Fashion,4.0,1999.0,0.0,Upi,Returned,,7996.0,0.0,7996.0,2025,6,June,18,Wednesday,False,,True,Medium
ORD1247,2025-06-28,Amit,amit15@gmail.com,9343013197.0,Delhi,Delhi,Chair,Furniture,5.0,1999.0,5.0,Card,Delivered,,9995.0,499.75,9495.25,2025,6,June,28,Saturday,True,,True,High
ORD1248,2025-06-13,Priya,priya58gmail.com,9202774742.0,Bengaluru,Karnataka,Mouse,Electronics,3.0,4999.0,20.0,Card,Pending,,14997.0,2999.4,11997.6,2025,6,June,13,Friday,False,,True,Medium
ORD1249,2025-04-17,Vikas,vikas45@gmail.com,9491984023.0,Mumbai,Maharashtra,Mouse,Electronics,5.0,499.0,0.0,Cod,Cancelled,,2495.0,0.0,2495.0,2025,4,April,17,Thursday,False,,False,High
ORD1250,2025-03-18,Rohit,rohit92@gmail.com,9859832681.0,Mumbai,Maharashtra,Bottle,Home,3.0,2599.0,0.0,Card,Delivered,,7797.0,0.0,7797.0,2025,3,March,18,Tuesday,False,,True,Medium
ORD1251,2025-06-26,Neha,neha24@gmail.com,9849220357.0,Mumbai,Maharashtra,Watch,Fashion,3.0,1999.0,20.0,Wallet,Cancelled,,5997.0,1199.4,4797.6,2025,6,June,26,Thursday,False,,False,Medium
ORD1253,2025-03-27,Priya,priya3@gmail.com,9739892616.0,Pune,Maharashtra,Laptop,Electronics,5.0,1999.0,0.0,Netbanking,Cancelled,,9995.0,0.0,9995.0,2025,3,March,27,Thursday,False,,True,High
ORD1254,2025-01-01,Priya,priya99@gmail.com,9422425247.0,Jaipur,Rajasthan,Laptop,Electronics,3.0,9999.0,20.0,Upi,Delivered,2025-04-01,29997.0,5999.4,23997.6,2025,1,January,1,Wednesday,False,90.0,True,Medium
ORD1255,2025-05-27,Rahul,rahul55@gmail.com,9369161142.0,Mumbai,Maharashtra,Bottle,Home,3.0,9999.0,0.0,Card,Cancelled,,29997.0,0.0,29997.0,2025,5,May,27,Tuesday,False,,True,Medium
ORD1256,2025-01-02,Rahul,rahul71@gmail.com,9808851312.0,Mumbai,Maharashtra,Laptop,Electronics,2.0,499.0,15.0,Cod,Pending,,998.0,149.7,848.3,2025,1,January,2,Thursday,False,,False,Low
ORD1257,2025-06-23,Vikas,vikas26@gmail.com,9828811528.0,Mumbai,Maharashtra,Watch,Fashion,3.0,9999.0,15.0,Cod,Returned,,29997.0,4499.55,25497.45,2025,6,June,23,Monday,False,,True,Medium
ORD1258,2025-02-13,Neha,neha55@gmail.com,9196604908.0,Lucknow,Up,Shoes,Fashion,2.0,4999.0,15.0,Netbanking,Delivered,,9998.0,1499.7,8498.3,2025,2,February,13,Thursday,False,,True,Low
ORD1259,2025-03-21,Rahul,rahul55@gmail.com,9414758374.0,Delhi,Delhi,Mouse,Electronics,5.0,999.0,0.0,Wallet,Returned,,4995.0,0.0,4995.0,2025,3,March,21,Friday,False,,False,High
ORD1260,2025-02-20,Sneha,sneha41@gmail.com,9970915750.0,Delhi,Delhi,Bottle,Home,3.0,1499.0,0.0,Wallet,Returned,,4497.0,0.0,4497.0,2025,2,February,20,Thursday,False,,False,Medium
ORD1262,2025-06-29,Sneha,sneha24@gmail.com,9282445351.0,Pune,Maharashtra,Bottle,Home,5.0,499.0,10.0,Card,Returned,,2495.0,249.5,2245.5,2025,6,June,29,Sunday,True,,False,High
ORD1263,2025-05-23,Amit,amit89@gmail.com,9432372075.0,Mumbai,Maharashtra,Laptop,Electronics,3.0,1999.0,10.0,Wallet,Returned,,5997.0,599.7,5397.3,2025,5,May,23,Friday,False,,True,Medium
ORD1264,2025-04-23,Neha,neha77@gmail.com,Unknown,Jaipur,Rajasthan,Shoes,Fashion,3.0,1999.0,0.0,Wallet,Returned,,5997.0,0.0,5997.0,2025,4,April,23,Wednesday,False,,True,Medium
ORD1265,2025-06-26,Neha,neha42@gmail.com,9775830472.0,Lucknow,Up,Laptop,Electronics,3.0,1499.0,0.0,Card,Cancelled,,4497.0,0.0,4497.0,2025,6,June,26,Thursday,False,,False,Medium
ORD1266,2025-04-12,Sneha,sneha10@gmail.com,9408316749.0,Mumbai,Maharashtra,Shoes,Fashion,3.0,499.0,15.0,Cod,Delivered,,1497.0,224.55,1272.45,2025,4,April,12,Saturday,True,,False,Medium
ORD1267,2025-01-09,Neha,neha54@gmail.com,9588418445.0,Mumbai,Maharashtra,Mouse,Electronics,4.0,499.0,10.0,Wallet,Cancelled,,1996.0,199.6,1796.4,2025,1,January,9,Thursday,False,,False,Medium
ORD1268,2025-02-12,Neha,neha99@gmail.com,9434349945.0,Jaipur,Rajasthan,Watch,Fashion,3.0,9999.0,20.0,Upi,Pending,,29997.0,5999.4,23997.6,2025,2,February,12,Wednesday,False,,True,Medium
ORD1269,2025-03-07,Sneha,sneha66@gmail.com,9218301286.0,Lucknow,Up,Mouse,Electronics,3.0,999.0,0.0,Cod,Pending,,2997.0,0.0,2997.0,2025,3,March,7,Friday,False,,False,Medium
ORD1271,2025-06-12,Rohit,rohit72@gmail.com,9387139728.0,Pune,Maharashtra,Shoes,Fashion,5.0,2599.0,0.0,Upi,Returned,,12995.0,0.0,12995.0,2025,6,June,12,Thursday,False,,True,High
ORD1272,2025-04-16,Sneha,sneha56@gmail.com,9233370133.0,Delhi,Delhi,Shoes,Fashion,3.0,9999.0,15.0,Netbanking,Delivered,,29997.0,4499.55,25497.45,2025,4,April,16,Wednesday,False,,True,Medium
ORD1273,2025-05-19,Vikas,vikas29@gmail.com,9933581073.0,Bengaluru,Karnataka,Bottle,Home,5.0,999.0,15.0,Netbanking,Pending,,4995.0,749.25,4245.75,2025,5,May,19,Monday,False,,False,High
ORD1274,2025-05-01,Sneha,sneha21@gmail.com,9260884331.0,Pune,Maharashtra,Bottle,Home,3.0,1499.0,10.0,Upi,Returned,,4497.0,449.7,4047.3,2025,5,May,1,Thursday,False,,False,Medium
ORD1275,2025-03-15,Priya,priya71@gmail.com,9884785474.0,Pune,Maharashtra,Shoes,Fashion,1.0,1999.0,0.0,Cod,Returned,,1999.0,0.0,1999.0,2025,3,March,15,Saturday,True,,False,Low
ORD1276,2025-01-22,Rahul,rahul20@gmail.com,9738093025.0,Mumbai,Maharashtra,Shoes,Fashion,1.0,1999.0,5.0,Wallet,Cancelled,,1999.0,99.95,1899.05,2025,1,January,22,Wednesday,False,,False,Low
ORD1277,2025-03-21,Sneha,sneha4@gmail.com,9514685895.0,Bengaluru,Karnataka,Chair,Furniture,2.0,2599.0,15.0,Cod,Returned,,5198.0,779.7,4418.3,2025,3,March,21,Friday,False,,False,Low
ORD1278,2025-05-31,Amit,amit21@gmail.com,9142819354.0,Pune,Maharashtra,Watch,Fashion,2.0,4999.0,0.0,Upi,Delivered,,9998.0,0.0,9998.0,2025,5,May,31,Saturday,True,,True,Low
ORD1281,2025-01-19,Amit,amit29@gmail.com,9979454031.0,Jaipur,Rajasthan,Mouse,Electronics,3.0,1999.0,20.0,Cod,Delivered,,5997.0,1199.4,4797.6,2025,1,January,19,Sunday,True,,False,Medium
ORD1282,2025-03-13,Amit,amit69@gmail.com,9644434191.0,Bengaluru,Karnataka,Mouse,Electronics,3.0,499.0,20.0,Netbanking,Returned,,1497.0,299.4,1197.6,2025,3,March,13,Thursday,False,,False,Medium
ORD1283,2025-04-26,Vikas,vikas32@gmail.com,9297674020.0,Jaipur,Rajasthan,Laptop,Electronics,5.0,1499.0,20.0,Cod,Returned,,7495.0,1499.0,5996.0,2025,4,April,26,Saturday,True,,True,High
ORD1284,2025-05-24,Rohit,rohit53@gmail.com,9226514142.0,Pune,Maharashtra,Chair,Furniture,3.0,4999.0,5.0,Upi,Cancelled,,14997.0,749.85,14247.15,2025,5,May,24,Saturday,True,,True,Medium
ORD1285,2025-05-13,Rahul,rahul62@gmail.com,9780966201.0,Lucknow,Up,Watch,Fashion,1.0,1999.0,0.0,Upi,Cancelled,,1999.0,0.0,1999.0,2025,5,May,13,Tuesday,False,,False,Low
ORD1286,2025-04-03,Sneha,sneha18@gmail.com,Unknown,Mumbai,Maharashtra,Shoes,Fashion,5.0,999.0,0.0,Card,Delivered,2025-06-04,4995.0,0.0,4995.0,2025,4,April,3,Thursday,False,62.0,False,High
ORD1287,2025-03-12,Rohit,rohit24@gmail.com,9535823358.0,Mumbai,Maharashtra,Bottle,Home,3.0,1999.0,15.0,Card,Returned,,5997.0,899.55,5097.45,2025,3,March,12,Wednesday,False,,True,Medium
ORD1289,2025-03-31,Vikas,vikas42@gmail.com,9651366276.0,Jaipur,Rajasthan,Watch,Fashion,5.0,999.0,0.0,Cod,Delivered,,4995.0,0.0,4995.0,2025,3,March,31,Monday,False,,False,High
ORD1290,2025-03-06,Priya,priya70@gmail.com,9708434568.0,Bengaluru,Karnataka,Laptop,Electronics,3.0,9999.0,15.0,Card,Delivered,2025-08-03,29997.0,4499.55,25497.45,2025,3,March,6,Thursday,False,150.0,True,Medium
ORD1291,2025-03-26,Amit,amit94@gmail.com,9934522676.0,Delhi,Delhi,Bottle,Home,2.0,999.0,0.0,Card,Pending,,1998.0,0.0,1998.0,2025,3,March,26,Wednesday,False,,False,Low
ORD1293,2025-03-14,Rahul,rahul10@gmail.com,9168263225.0,Bengaluru,Karnataka,Laptop,Electronics,3.0,1999.0,0.0,Upi,Returned,,5997.0,0.0,5997.0,2025,3,March,14,Friday,False,,True,Medium
ORD1294,2025-06-01,Amit,amit42@gmail.com,9338825871.0,Pune,Maharashtra,Shoes,Fashion,3.0,1999.0,20.0,Wallet,Returned,,5997.0,1199.4,4797.6,2025,6,June,1,Sunday,True,,False,Medium
ORD1295,2025-06-24,Priya,priya27@gmail.com,9733464584.0,Lucknow,Up,Watch,Fashion,3.0,4999.0,5.0,Netbanking,Cancelled,,14997.0,749.85,14247.15,2025,6,June,24,Tuesday,False,,True,Medium
ORD1296,2025-06-25,Sneha,sneha88@gmail.com,9807038611.0,Pune,Maharashtra,Laptop,Electronics,5.0,1999.0,0.0,Wallet,Pending,,9995.0,0.0,9995.0,2025,6,June,25,Wednesday,False,,True,High
ORD1298,2025-02-03,Amit,amit54@gmail.com,9454902491.0,Pune,Maharashtra,Watch,Fashion,3.0,1999.0,0.0,Wallet,Pending,,5997.0,0.0,5997.0,2025,2,February,3,Monday,False,,True,Medium
ORD1299,2025-05-12,Rohit,rohit84@gmail.com,9519363731.0,Mumbai,Maharashtra,Shoes,Fashion,5.0,1999.0,0.0,Upi,Returned,,9995.0,0.0,9995.0,2025,5,May,12,Monday,False,,True,High
ORD1300,2025-02-25,Amit,amit19@gmail.com,9222483704.0,Jaipur,Rajasthan,Bottle,Home,1.0,499.0,5.0,Netbanking,Delivered,,499.0,24.95,474.05,2025,2,February,25,Tuesday,False,,False,Low
ORD1301,2025-04-10,Vikas,vikas52@gmail.com,9555571399.0,Jaipur,Rajasthan,Shoes,Fashion,3.0,1499.0,10.0,Card,Delivered,,4497.0,449.7,4047.3,2025,4,April,10,Thursday,False,,False,Medium
ORD1302,2025-05-20,Amit,amit79@gmail.com,9239911474.0,Bengaluru,Karnataka,Watch,Fashion,2.0,4999.0,0.0,Cod,Returned,,9998.0,0.0,9998.0,2025,5,May,20,Tuesday,False,,True,Low
ORD1303,2025-06-20,Rahul,rahul6@gmail.com,9432269451.0,Jaipur,Rajasthan,Shoes,Fashion,3.0,1999.0,15.0,Wallet,Delivered,,5997.0,899.55,5097.45,2025,6,June,20,Friday,False,,True,Medium
ORD1304,2025-02-17,Priya,priya53@gmail.com,9555193174.0,Pune,Maharashtra,Bottle,Home,3.0,1999.0,0.0,Upi,Pending,,5997.0,0.0,5997.0,2025,2,February,17,Monday,False,,True,Medium
ORD1305,2025-02-09,Vikas,vikas86@gmail.com,9523265367.0,Bengaluru,Karnataka,Chair,Furniture,4.0,1999.0,0.0,Cod,Delivered,2025-12-02,7996.0,0.0,7996.0,2025,2,February,9,Sunday,True,296.0,True,Medium
ORD1307,2025-02-19,Amit,amit22@gmail.com,9261952088.0,Bengaluru,Karnataka,Laptop,Electronics,5.0,9999.0,0.0,Netbanking,Delivered,,49995.0,0.0,49995.0,2025,2,February,19,Wednesday,False,,True,High
ORD1308,2025-02-09,Rahul,rahul41@gmail.com,Unknown,Delhi,Delhi,Chair,Furniture,2.0,1499.0,5.0,Cod,Pending,,2998.0,149.9,2848.1,2025,2,February,9,Sunday,True,,False,Low
ORD1309,2025-04-08,Sneha,sneha88@gmail.com,9392114679.0,Jaipur,Rajasthan,Shoes,Fashion,2.0,1999.0,20.0,Cod,Cancelled,,3998.0,799.6,3198.4,2025,4,April,8,Tuesday,False,,False,Low
ORD1310,2025-03-10,Amit,amit7gmail.com,9303283049.0,Lucknow,Up,Bottle,Home,5.0,2599.0,10.0,Card,Cancelled,,12995.0,1299.5,11695.5,2025,3,March,10,Monday,False,,True,High
ORD1311,2025-06-23,Sneha,sneha18@gmail.com,9199150123.0,Jaipur,Rajasthan,Bottle,Home,4.0,1999.0,15.0,Wallet,Pending,,7996.0,1199.4,6796.6,2025,6,June,23,Monday,False,,True,Medium
ORD1312,2025-02-03,Amit,amit19@gmail.com,9113360501.0,Pune,Maharashtra,Laptop,Electronics,5.0,9999.0,5.0,Cod,Cancelled,,49995.0,2499.75,47495.25,2025,2,February,3,Monday,False,,True,High
ORD1313,2025-03-12,Vikas,vikas2@gmail.com,9296775424.0,Lucknow,Up,Bottle,Home,2.0,499.0,10.0,Wallet,Returned,,998.0,99.8,898.2,2025,3,March,12,Wednesday,False,,False,Low
ORD1314,2025-01-14,Vikas,vikas8@gmail.com,9612657813.0,Pune,Maharashtra,Chair,Furniture,5.0,4999.0,5.0,Cod,Delivered,,24995.0,1249.75,23745.25,2025,1,January,14,Tuesday,False,,True,High
ORD1316,2025-02-14,Amit,amit95@gmail.com,9399340561.0,Jaipur,Rajasthan,Bottle,Home,3.0,1999.0,15.0,Upi,Delivered,,5997.0,899.55,5097.45,2025,2,February,14,Friday,False,,True,Medium
ORD1317,2025-02-11,Sneha,sneha63@gmail.com,9849913603.0,Jaipur,Rajasthan,Shoes,Fashion,4.0,1999.0,0.0,Netbanking,Delivered,,7996.0,0.0,7996.0,2025,2,February,11,Tuesday,False,,True,Medium
ORD1318,2025-02-21,Rahul,rahul73@gmail.com,9771789560.0,Bengaluru,Karnataka,Bottle,Home,2.0,499.0,10.0,Netbanking,Cancelled,,998.0,99.8,898.2,2025,2,February,21,Friday,False,,False,Low
ORD1319,2025-06-10,Rahul,rahul7@gmail.com,9894093725.0,Mumbai,Maharashtra,Mouse,Electronics,5.0,1999.0,0.0,Cod,Cancelled,,9995.0,0.0,9995.0,2025,6,June,10,Tuesday,False,,True,High
ORD1321,2025-06-18,Vikas,vikas53@gmail.com,9910821614.0,Mumbai,Maharashtra,Bottle,Home,3.0,999.0,20.0,Netbanking,Returned,,2997.0,599.4,2397.6,2025,6,June,18,Wednesday,False,,False,Medium
ORD1322,2025-04-16,Vikas,vikas30@gmail.com,9997851784.0,Pune,Maharashtra,Mouse,Electronics,5.0,4999.0,5.0,Card,Returned,,24995.0,1249.75,23745.25,2025,4,April,16,Wednesday,False,,True,High
ORD1323,2025-01-04,Priya,priya11@gmail.com,9838548948.0,Jaipur,Rajasthan,Shoes,Fashion,2.0,9999.0,5.0,Cod,Pending,,19998.0,999.9,18998.1,2025,1,January,4,Saturday,True,,True,Low
ORD1325,2025-05-29,Amit,amit47@gmail.com,9397896952.0,Pune,Maharashtra,Mouse,Electronics,2.0,2599.0,0.0,Card,Pending,,5198.0,0.0,5198.0,2025,5,May,29,Thursday,False,,True,Low
ORD1326,2025-04-14,Priya,priya36@gmail.com,9982539227.0,Bengaluru,Karnataka,Laptop,Electronics,3.0,2599.0,0.0,Upi,Returned,,7797.0,0.0,7797.0,2025,4,April,14,Monday,False,,True,Medium
ORD1327,2025-06-23,Amit,amit42@gmail.com,9292419662.0,Delhi,Delhi,Laptop,Electronics,2.0,1999.0,10.0,Wallet,Pending,,3998.0,399.8,3598.2,2025,6,June,23,Monday,False,,False,Low
ORD1328,2025-05-15,Amit,amit64@gmail.com,9310217232.0,Mumbai,Maharashtra,Chair,Furniture,3.0,1999.0,0.0,Netbanking,Returned,,5997.0,0.0,5997.0,2025,5,May,15,Thursday,False,,True,Medium
ORD1329,2025-05-09,Rahul,rahul90@gmail.com,9706293416.0,Delhi,Delhi,Bottle,Home,5.0,4999.0,20.0,Netbanking,Returned,,24995.0,4999.0,19996.0,2025,5,May,9,Friday,False,,True,High
ORD1330,2025-06-06,Vikas,vikas41@gmail.com,Unknown,Lucknow,Up,Mouse,Electronics,3.0,9999.0,0.0,Upi,Pending,,29997.0,0.0,29997.0,2025,6,June,6,Friday,False,,True,Medium
ORD1331,2025-06-23,Sneha,sneha20@gmail.com,9561744309.0,Pune,Maharashtra,Mouse,Electronics,5.0,4999.0,0.0,Cod,Delivered,,24995.0,0.0,24995.0,2025,6,June,23,Monday,False,,True,High
ORD1332,2025-02-20,Rohit,rohit35@gmail.com,9532206110.0,Bengaluru,Karnataka,Shoes,Fashion,3.0,1999.0,10.0,Netbanking,Cancelled,,5997.0,599.7,5397.3,2025,2,February,20,Thursday,False,,True,Medium
ORD1334,2025-02-27,Rahul,rahul98@gmail.com,9151907626.0,Pune,Maharashtra,Bottle,Home,3.0,1999.0,0.0,Card,Returned,,5997.0,0.0,5997.0,2025,2,February,27,Thursday,False,,True,Medium
ORD1335,2025-04-08,Rohit,rohit34@gmail.com,9113457890.0,Lucknow,Up,Chair,Furniture,3.0,2599.0,0.0,Card,Pending,,7797.0,0.0,7797.0,2025,4,April,8,Tuesday,False,,True,Medium
ORD1336,2025-01-03,Amit,amit37@gmail.com,9206017601.0,Lucknow,Up,Chair,Furniture,3.0,9999.0,15.0,Cod,Pending,,29997.0,4499.55,25497.45,2025,1,January,3,Friday,False,,True,Medium
ORD1337,2025-02-04,Rahul,rahul58@gmail.com,9753076727.0,Jaipur,Rajasthan,Laptop,Electronics,4.0,999.0,0.0,Netbanking,Cancelled,,3996.0,0.0,3996.0,2025,2,February,4,Tuesday,False,,False,Medium
ORD1338,2025-06-13,Neha,neha99@gmail.com,9429636320.0,Lucknow,Up,Laptop,Electronics,5.0,4999.0,0.0,Wallet,Pending,,24995.0,0.0,24995.0,2025,6,June,13,Friday,False,,True,High
ORD1339,2025-02-23,Rahul,rahul24@gmail.com,9301753805.0,Lucknow,Up,Watch,Fashion,3.0,499.0,0.0,Cod,Delivered,,1497.0,0.0,1497.0,2025,2,February,23,Sunday,True,,False,Medium
ORD1340,2025-03-27,Rohit,rohit84@gmail.com,9258772494.0,Mumbai,Maharashtra,Shoes,Fashion,4.0,1499.0,0.0,Card,Delivered,2025-06-04,5996.0,0.0,5996.0,2025,3,March,27,Thursday,False,69.0,True,Medium
ORD1341,2025-05-05,Rahul,rahul93gmail.com,9182121049.0,Jaipur,Rajasthan,Laptop,Electronics,1.0,4999.0,15.0,Card,Pending,,4999.0,749.85,4249.15,2025,5,May,5,Monday,False,,False,Low
ORD1343,2025-02-23,Rahul,rahul12@gmail.com,9783047502.0,Jaipur,Rajasthan,Laptop,Electronics,4.0,2599.0,0.0,Netbanking,Returned,,10396.0,0.0,10396.0,2025,2,February,23,Sunday,True,,True,Medium
ORD1344,2025-04-07,Rahul,rahul9@gmail.com,9970222154.0,Mumbai,Maharashtra,Mouse,Electronics,3.0,499.0,20.0,Wallet,Pending,,1497.0,299.4,1197.6,2025,4,April,7,Monday,False,,False,Medium
ORD1345,2025-06-05,Sneha,sneha27@gmail.com,9536056189.0,Delhi,Delhi,Mouse,Electronics,1.0,499.0,20.0,Netbanking,Returned,,499.0,99.8,399.2,2025,6,June,5,Thursday,False,,False,Low
ORD1346,2025-05-07,Vikas,vikas51@gmail.com,9654467591.0,Lucknow,Up,Chair,Furniture,2.0,9999.0,0.0,Upi,Pending,,19998.0,0.0,19998.0,2025,5,May,7,Wednesday,False,,True,Low
ORD1347,2025-03-29,Sneha,sneha3@gmail.com,9348019295.0,Mumbai,Maharashtra,Shoes,Fashion,1.0,499.0,0.0,Upi,Pending,,499.0,0.0,499.0,2025,3,March,29,Saturday,True,,False,Low
ORD1348,2025-05-07,Rahul,rahul68@gmail.com,9857040338.0,Mumbai,Maharashtra,Mouse,Electronics,2.0,499.0,5.0,Cod,Delivered,2025-09-05,998.0,49.9,948.1,2025,5,May,7,Wednesday,False,121.0,False,Low
ORD1349,2025-03-21,Amit,amit68@gmail.com,9794705508.0,Pune,Maharashtra,Bottle,Home,5.0,999.0,20.0,Upi,Delivered,,4995.0,999.0,3996.0,2025,3,March,21,Friday,False,,False,High
ORD1350,2025-04-10,Rohit,rohit72@gmail.com,9665886128.0,Bengaluru,Karnataka,Laptop,Electronics,5.0,9999.0,5.0,Card,Returned,,49995.0,2499.75,47495.25,2025,4,April,10,Thursday,False,,True,High
ORD1352,2025-04-23,Vikas,vikas87@gmail.com,Unknown,Delhi,Delhi,Chair,Furniture,3.0,4999.0,0.0,Upi,Delivered,,14997.0,0.0,14997.0,2025,4,April,23,Wednesday,False,,True,Medium
ORD1353,2025-02-07,Sneha,sneha65@gmail.com,9559368648.0,Bengaluru,Karnataka,Watch,Fashion,3.0,2599.0,10.0,Netbanking,Pending,,7797.0,779.7,7017.3,2025,2,February,7,Friday,False,,True,Medium
ORD1354,2025-04-03,Rahul,rahul12@gmail.com,9783505215.0,Mumbai,Maharashtra,Mouse,Electronics,1.0,499.0,0.0,Wallet,Returned,,499.0,0.0,499.0,2025,4,April,3,Thursday,False,,False,Low
ORD1355,2025-03-10,Sneha,sneha18@gmail.com,9117422351.0,Mumbai,Maharashtra,Watch,Fashion,4.0,999.0,15.0,Wallet,Pending,,3996.0,599.4,3396.6,2025,3,March,10,Monday,False,,False,Medium
ORD1356,2025-06-03,Vikas,vikas64@gmail.com,9191378164.0,Bengaluru,Karnataka,Laptop,Electronics,4.0,2599.0,0.0,Netbanking,Returned,,10396.0,0.0,10396.0,2025,6,June,3,Tuesday,False,,True,Medium
ORD1357,2025-04-06,Neha,neha91@gmail.com,9732569957.0,Bengaluru,Karnataka,Mouse,Electronics,5.0,2599.0,10.0,Cod,Delivered,,12995.0,1299.5,11695.5,2025,4,April,6,Sunday,True,,True,High
ORD1358,2025-01-15,Vikas,vikas80@gmail.com,9139900666.0,Pune,Maharashtra,Bottle,Home,4.0,9999.0,0.0,Upi,Delivered,,39996.0,0.0,39996.0,2025,1,January,15,Wednesday,False,,True,Medium
ORD1359,2025-06-03,Priya,priya71@gmail.com,9848437643.0,Bengaluru,Karnataka,Shoes,Fashion,5.0,1499.0,20.0,Wallet,Cancelled,,7495.0,1499.0,5996.0,2025,6,June,3,Tuesday,False,,True,High
ORD1361,2025-01-30,Amit,amit73@gmail.com,9645486322.0,Lucknow,Up,Mouse,Electronics,3.0,1999.0,0.0,Netbanking,Pending,,5997.0,0.0,5997.0,2025,1,January,30,Thursday,False,,True,Medium
ORD1362,2025-05-13,Priya,priya84@gmail.com,9419451949.0,Pune,Maharashtra,Bottle,Home,3.0,9999.0,20.0,Upi,Delivered,,29997.0,5999.4,23997.6,2025,5,May,13,Tuesday,False,,True,Medium
ORD1363,2025-04-21,Neha,neha67@gmail.com,9282801738.0,Lucknow,Up,Shoes,Fashion,3.0,1999.0,0.0,Netbanking,Delivered,,5997.0,0.0,5997.0,2025,4,April,21,Monday,False,,True,Medium
ORD1364,2025-05-12,Rahul,rahul80@gmail.com,9356805063.0,Bengaluru,Karnataka,Mouse,Electronics,5.0,499.0,15.0,Cod,Cancelled,,2495.0,374.25,2120.75,2025,5,May,12,Monday,False,,False,High
ORD1366,2025-01-18,Rohit,rohit54@gmail.com,9180294906.0,Mumbai,Maharashtra,Watch,Fashion,3.0,1999.0,10.0,Upi,Cancelled,,5997.0,599.7,5397.3,2025,1,January,18,Saturday,True,,True,Medium
ORD1367,2025-04-04,Amit,amit5@gmail.com,9360955921.0,Lucknow,Up,Bottle,Home,3.0,999.0,10.0,Cod,Pending,,2997.0,299.7,2697.3,2025,4,April,4,Friday,False,,False,Medium
ORD1368,2025-06-20,Neha,neha37@gmail.com,9846729797.0,Lucknow,Up,Bottle,Home,3.0,1999.0,0.0,Wallet,Returned,,5997.0,0.0,5997.0,2025,6,June,20,Friday,False,,True,Medium
ORD1370,2025-05-17,Rahul,rahul24@gmail.com,9244713912.0,Bengaluru,Karnataka,Bottle,Home,5.0,4999.0,15.0,Wallet,Pending,,24995.0,3749.25,21245.75,2025,5,May,17,Saturday,True,,True,High
ORD1371,2025-01-04,Sneha,sneha55@gmail.com,9125679072.0,Jaipur,Rajasthan,Chair,Furniture,2.0,1999.0,0.0,Wallet,Delivered,,3998.0,0.0,3998.0,2025,1,January,4,Saturday,True,,False,Low
ORD1372,2025-02-04,Rahul,rahul15gmail.com,9509340822.0,Delhi,Delhi,Shoes,Fashion,1.0,499.0,0.0,Netbanking,Returned,,499.0,0.0,499.0,2025,2,February,4,Tuesday,False,,False,Low
ORD1373,2025-05-12,Neha,neha77@gmail.com,9898877941.0,Pune,Maharashtra,Bottle,Home,4.0,4999.0,0.0,Wallet,Returned,,19996.0,0.0,19996.0,2025,5,May,12,Monday,False,,True,Medium
ORD1374,2025-04-09,Sneha,sneha22@gmail.com,Unknown,Pune,Maharashtra,Shoes,Fashion,3.0,9999.0,10.0,Upi,Delivered,,29997.0,2999.7,26997.3,2025,4,April,9,Wednesday,False,,True,Medium
ORD1375,2025-04-04,Rahul,rahul19@gmail.com,9691259107.0,Mumbai,Maharashtra,Bottle,Home,1.0,2599.0,0.0,Upi,Delivered,,2599.0,0.0,2599.0,2025,4,April,4,Friday,False,,False,Low
ORD1376,2025-06-01,Sneha,sneha34@gmail.com,9409847018.0,Lucknow,Up,Mouse,Electronics,4.0,999.0,0.0,Cod,Delivered,2025-11-06,3996.0,0.0,3996.0,2025,6,June,1,Sunday,True,158.0,False,Medium
ORD1377,2025-03-18,Sneha,sneha95@gmail.com,9420527618.0,Pune,Maharashtra,Mouse,Electronics,3.0,1499.0,15.0,Card,Pending,,4497.0,674.55,3822.45,2025,3,March,18,Tuesday,False,,False,Medium
ORD1379,2025-01-19,Amit,amit6@gmail.com,9793867955.0,Bengaluru,Karnataka,Watch,Fashion,5.0,1999.0,5.0,Netbanking,Pending,,9995.0,499.75,9495.25,2025,1,January,19,Sunday,True,,True,High
ORD1380,2025-02-23,Rahul,rahul45@gmail.com,9536788264.0,Mumbai,Maharashtra,Laptop,Electronics,4.0,9999.0,0.0,Netbanking,Returned,,39996.0,0.0,39996.0,2025,2,February,23,Sunday,True,,True,Medium
ORD1381,2025-02-06,Neha,neha93@gmail.com,9427460011.0,Bengaluru,Karnataka,Shoes,Fashion,5.0,2599.0,20.0,Card,Pending,,12995.0,2599.0,10396.0,2025,2,February,6,Thursday,False,,True,High
ORD1382,2025-01-25,Rahul,rahul41@gmail.com,9829324614.0,Mumbai,Maharashtra,Chair,Furniture,1.0,1499.0,20.0,Wallet,Pending,,1499.0,299.8,1199.2,2025,1,January,25,Saturday,True,,False,Low
ORD1383,2025-01-31,Sneha,sneha4@gmail.com,9544514226.0,Pune,Maharashtra,Shoes,Fashion,2.0,1999.0,20.0,Netbanking,Cancelled,,3998.0,799.6,3198.4,2025,1,January,31,Friday,False,,False,Low
ORD1384,2025-06-04,Vikas,vikas93@gmail.com,9844862358.0,Mumbai,Maharashtra,Bottle,Home,3.0,999.0,15.0,Card,Delivered,2025-08-06,2997.0,449.55,2547.45,2025,6,June,4,Wednesday,False,63.0,False,Medium
ORD1385,2025-01-25,Sneha,sneha67@gmail.com,9237413851.0,Pune,Maharashtra,Watch,Fashion,3.0,2599.0,10.0,Upi,Returned,,7797.0,779.7,7017.3,2025,1,January,25,Saturday,True,,True,Medium
ORD1386,2025-03-02,Amit,amit9@gmail.com,9363174202.0,Lucknow,Up,Shoes,Fashion,3.0,2599.0,15.0,Upi,Cancelled,,7797.0,1169.55,6627.45,2025,3,March,2,Sunday,True,,True,Medium
ORD1388,2025-05-14,Rahul,rahul15@gmail.com,9666479823.0,Mumbai,Maharashtra,Shoes,Fashion,3.0,1499.0,15.0,Card,Returned,,4497.0,674.55,3822.45,2025,5,May,14,Wednesday,False,,False,Medium
ORD1389,2025-04-08,Vikas,vikas47@gmail.com,9142891755.0,Lucknow,Up,Shoes,Fashion,3.0,4999.0,5.0,Cod,Returned,,14997.0,749.85,14247.15,2025,4,April,8,Tuesday,False,,True,Medium
ORD1390,2025-03-02,Sneha,sneha78@gmail.com,9322453651.0,Delhi,Delhi,Laptop,Electronics,3.0,1999.0,15.0,Netbanking,Delivered,2025-11-03,5997.0,899.55,5097.45,2025,3,March,2,Sunday,True,246.0,True,Medium
ORD1391,2025-05-20,Neha,neha45@gmail.com,9753301285.0,Bengaluru,Karnataka,Bottle,Home,5.0,999.0,20.0,Card,Returned,,4995.0,999.0,3996.0,2025,5,May,20,Tuesday,False,,False,High
ORD1392,2025-06-20,Vikas,vikas1@gmail.com,9619221858.0,Bengaluru,Karnataka,Chair,Furniture,1.0,9999.0,0.0,Cod,Cancelled,,9999.0,0.0,9999.0,2025,6,June,20,Friday,False,,True,Low
ORD1393,2025-01-07,Amit,amit34@gmail.com,9886422749.0,Jaipur,Rajasthan,Watch,Fashion,3.0,1999.0,0.0,Netbanking,Pending,,5997.0,0.0,5997.0,2025,1,January,7,Tuesday,False,,True,Medium
ORD1394,2025-05-29,Rohit,rohit95@gmail.com,9121735342.0,Lucknow,Up,Mouse,Electronics,3.0,1999.0,0.0,Cod,Delivered,,5997.0,0.0,5997.0,2025,5,May,29,Thursday,False,,True,Medium
ORD1395,2025-06-29,Neha,neha45@gmail.com,9291811387.0,Lucknow,Up,Chair,Furniture,1.0,499.0,5.0,Cod,Pending,,499.0,24.95,474.05,2025,6,June,29,Sunday,True,,False,Low
ORD1397,2025-04-14,Neha,neha78@gmail.com,9357537586.0,Delhi,Delhi,Mouse,Electronics,2.0,1999.0,20.0,Wallet,Cancelled,,3998.0,799.6,3198.4,2025,4,April,14,Monday,False,,False,Low
ORD1398,2025-03-02,Neha,neha25@gmail.com,9218737753.0,Bengaluru,Karnataka,Laptop,Electronics,3.0,1999.0,0.0,Netbanking,Cancelled,,5997.0,0.0,5997.0,2025,3,March,2,Sunday,True,,True,Medium
ORD1399,2025-01-06,Neha,neha99@gmail.com,9936830524.0,Pune,Maharashtra,Chair,Furniture,3.0,1499.0,10.0,Upi,Returned,,4497.0,449.7,4047.3,2025,1,January,6,Monday,False,,False,Medium
ORD1401,2025-06-17,Rohit,rohit47@gmail.com,9281394007.0,Delhi,Delhi,Laptop,Electronics,4.0,1999.0,15.0,Cod,Returned,,7996.0,1199.4,6796.6,2025,6,June,17,Tuesday,False,,True,Medium
ORD1402,2025-06-15,Rohit,rohit82@gmail.com,9529644273.0,Jaipur,Rajasthan,Laptop,Electronics,1.0,1499.0,0.0,Cod,Returned,,1499.0,0.0,1499.0,2025,6,June,15,Sunday,True,,False,Low
ORD1403,2025-04-15,Rohit,rohit30gmail.com,9450277671.0,Jaipur,Rajasthan,Chair,Furniture,4.0,1499.0,15.0,Cod,Cancelled,,5996.0,899.4,5096.6,2025,4,April,15,Tuesday,False,,True,Medium
ORD1404,2025-04-11,Sneha,sneha22@gmail.com,9434292317.0,Mumbai,Maharashtra,Laptop,Electronics,4.0,1499.0,5.0,Wallet,Cancelled,,5996.0,299.8,5696.2,2025,4,April,11,Friday,False,,True,Medium
ORD1406,2025-01-24,Neha,neha53@gmail.com,9256072372.0,Bengaluru,Karnataka,Watch,Fashion,5.0,4999.0,10.0,Upi,Delivered,,24995.0,2499.5,22495.5,2025,1,January,24,Friday,False,,True,High
ORD1407,2025-01-17,Rahul,rahul1@gmail.com,9762627881.0,Bengaluru,Karnataka,Chair,Furniture,5.0,1999.0,20.0,Card,Cancelled,,9995.0,1999.0,7996.0,2025,1,January,17,Friday,False,,True,High
ORD1408,2025-02-13,Neha,neha66@gmail.com,9629553838.0,Jaipur,Rajasthan,Mouse,Electronics,5.0,2599.0,20.0,Wallet,Returned,,12995.0,2599.0,10396.0,2025,2,February,13,Thursday,False,,True,High
ORD1409,2025-02-06,Priya,priya1@gmail.com,9526867921.0,Delhi,Delhi,Watch,Fashion,4.0,9999.0,5.0,Wallet,Returned,,39996.0,1999.8,37996.2,2025,2,February,6,Thursday,False,,True,Medium
ORD1410,2025-03-10,Rahul,rahul37@gmail.com,9300174389.0,Bengaluru,Karnataka,Chair,Furniture,3.0,1499.0,0.0,Wallet,Returned,,4497.0,0.0,4497.0,2025,3,March,10,Monday,False,,False,Medium
ORD1411,2025-01-13,Sneha,sneha95@gmail.com,9918096448.0,Mumbai,Maharashtra,Laptop,Electronics,1.0,1999.0,15.0,Cod,Pending,,1999.0,299.85,1699.15,2025,1,January,13,Monday,False,,False,Low
ORD1412,2025-04-24,Vikas,vikas28@gmail.com,9954928448.0,Mumbai,Maharashtra,Watch,Fashion,5.0,1999.0,5.0,Cod,Pending,,9995.0,499.75,9495.25,2025,4,April,24,Thursday,False,,True,High
ORD1413,2025-01-24,Sneha,sneha36@gmail.com,9979933333.0,Pune,Maharashtra,Laptop,Electronics,5.0,1999.0,0.0,Cod,Cancelled,,9995.0,0.0,9995.0,2025,1,January,24,Friday,False,,True,High
ORD1415,2025-05-22,Vikas,vikas88@gmail.com,9567074339.0,Jaipur,Rajasthan,Mouse,Electronics,3.0,1499.0,0.0,Card,Pending,,4497.0,0.0,4497.0,2025,5,May,22,Thursday,False,,False,Medium
ORD1416,2025-03-14,Rahul,rahul73@gmail.com,9442177066.0,Jaipur,Rajasthan,Watch,Fashion,4.0,1999.0,20.0,Cod,Delivered,,7996.0,1599.2,6396.8,2025,3,March,14,Friday,False,,True,Medium
ORD1417,2025-01-04,Rohit,rohit91@gmail.com,9485740696.0,Delhi,Delhi,Mouse,Electronics,4.0,4999.0,0.0,Upi,Pending,,19996.0,0.0,19996.0,2025,1,January,4,Saturday,True,,True,Medium
ORD1418,2025-04-05,Sneha,sneha54@gmail.com,Unknown,Jaipur,Rajasthan,Chair,Furniture,4.0,4999.0,0.0,Netbanking,Returned,,19996.0,0.0,19996.0,2025,4,April,5,Saturday,True,,True,Medium
ORD1419,2025-06-23,Rohit,rohit64@gmail.com,9562675135.0,Jaipur,Rajasthan,Chair,Furniture,3.0,1499.0,0.0,Wallet,Delivered,,4497.0,0.0,4497.0,2025,6,June,23,Monday,False,,False,Medium
ORD1420,2025-04-14,Priya,priya90@gmail.com,9279538962.0,Bengaluru,Karnataka,Watch,Fashion,4.0,1999.0,15.0,Netbanking,Pending,,7996.0,1199.4,6796.6,2025,4,April,14,Monday,False,,True,Medium
ORD1421,2025-03-14,Vikas,vikas31@gmail.com,9183431745.0,Mumbai,Maharashtra,Watch,Fashion,4.0,999.0,10.0,Netbanking,Pending,,3996.0,399.6,3596.4,2025,3,March,14,Friday,False,,False,Medium
ORD1422,2025-05-09,Amit,amit95@gmail.com,9157480200.0,Delhi,Delhi,Watch,Fashion,5.0,4999.0,5.0,Netbanking,Cancelled,,24995.0,1249.75,23745.25,2025,5,May,9,Friday,False,,True,High
ORD1424,2025-03-29,Priya,priya48@gmail.com,9166100655.0,Bengaluru,Karnataka,Laptop,Electronics,2.0,9999.0,20.0,Netbanking,Cancelled,,19998.0,3999.6,15998.4,2025,3,March,29,Saturday,True,,True,Low
ORD1425,2025-02-11,Priya,priya36@gmail.com,9830537173.0,Delhi,Delhi,Chair,Furniture,3.0,4999.0,20.0,Wallet,Pending,,14997.0,2999.4,11997.6,2025,2,February,11,Tuesday,False,,True,Medium
ORD1426,2025-06-19,Priya,priya86@gmail.com,9338976081.0,Pune,Maharashtra,Laptop,Electronics,5.0,1499.0,10.0,Cod,Delivered,,7495.0,749.5,6745.5,2025,6,June,19,Thursday,False,,True,High
ORD1427,2025-02-14,Sneha,sneha25@gmail.com,9764093062.0,Jaipur,Rajasthan,Watch,Fashion,5.0,9999.0,0.0,Netbanking,Pending,,49995.0,0.0,49995.0,2025,2,February,14,Friday,False,,True,High
ORD1428,2025-04-02,Priya,priya27@gmail.com,9575383484.0,Jaipur,Rajasthan,Bottle,Home,5.0,499.0,5.0,Card,Cancelled,,2495.0,124.75,2370.25,2025,4,April,2,Wednesday,False,,False,High
ORD1429,2025-01-17,Sneha,sneha22@gmail.com,9394853096.0,Lucknow,Up,Laptop,Electronics,3.0,9999.0,5.0,Cod,Cancelled,,29997.0,1499.85,28497.15,2025,1,January,17,Friday,False,,True,Medium
ORD1430,2025-02-13,Sneha,sneha17@gmail.com,9770563699.0,Lucknow,Up,Watch,Fashion,5.0,1499.0,20.0,Wallet,Cancelled,,7495.0,1499.0,5996.0,2025,2,February,13,Thursday,False,,True,High
ORD1431,2025-02-05,Priya,priya43@gmail.com,9340031993.0,Bengaluru,Karnataka,Shoes,Fashion,2.0,999.0,5.0,Cod,Cancelled,,1998.0,99.9,1898.1,2025,2,February,5,Wednesday,False,,False,Low
ORD1433,2025-04-16,Sneha,sneha19@gmail.com,9818263600.0,Jaipur,Rajasthan,Shoes,Fashion,5.0,499.0,15.0,Upi,Cancelled,,2495.0,374.25,2120.75,2025,4,April,16,Wednesday,False,,False,High
ORD1434,2025-01-12,Vikas,vikas94gmail.com,9723823343.0,Jaipur,Rajasthan,Chair,Furniture,5.0,1999.0,0.0,Wallet,Cancelled,,9995.0,0.0,9995.0,2025,1,January,12,Sunday,True,,True,High
ORD1435,2025-03-05,Rohit,rohit67@gmail.com,9653409026.0,Lucknow,Up,Laptop,Electronics,5.0,4999.0,20.0,Netbanking,Cancelled,,24995.0,4999.0,19996.0,2025,3,March,5,Wednesday,False,,True,High
ORD1436,2025-06-22,Amit,amit73@gmail.com,9568733492.0,Lucknow,Up,Watch,Fashion,5.0,999.0,15.0,Upi,Cancelled,,4995.0,749.25,4245.75,2025,6,June,22,Sunday,True,,False,High
ORD1437,2025-06-01,Vikas,vikas1@gmail.com,9541696034.0,Bengaluru,Karnataka,Bottle,Home,4.0,2599.0,0.0,Netbanking,Cancelled,,10396.0,0.0,10396.0,2025,6,June,1,Sunday,True,,True,Medium
ORD1439,2025-05-22,Rahul,rahul34@gmail.com,9519365466.0,Lucknow,Up,Mouse,Electronics,5.0,1499.0,0.0,Netbanking,Delivered,,7495.0,0.0,7495.0,2025,5,May,22,Thursday,False,,True,High
ORD1442,2025-01-15,Sneha,sneha75@gmail.com,9866056523.0,Mumbai,Maharashtra,Watch,Fashion,4.0,999.0,15.0,Upi,Cancelled,,3996.0,599.4,3396.6,2025,1,January,15,Wednesday,False,,False,Medium
ORD1443,2025-02-14,Sneha,sneha36@gmail.com,9605647471.0,Lucknow,Up,Watch,Fashion,1.0,1499.0,0.0,Card,Pending,,1499.0,0.0,1499.0,2025,2,February,14,Friday,False,,False,Low
ORD1444,2025-04-02,Priya,priya86@gmail.com,9417981729.0,Delhi,Delhi,Bottle,Home,4.0,9999.0,20.0,Netbanking,Pending,,39996.0,7999.2,31996.8,2025,4,April,2,Wednesday,False,,True,Medium
ORD1445,2025-05-04,Vikas,vikas38@gmail.com,9704800143.0,Pune,Maharashtra,Mouse,Electronics,3.0,499.0,5.0,Cod,Delivered,2025-12-05,1497.0,74.85,1422.15,2025,5,May,4,Sunday,True,215.0,False,Medium
ORD1446,2025-01-07,Rahul,rahul36@gmail.com,9844906787.0,Mumbai,Maharashtra,Shoes,Fashion,3.0,1499.0,15.0,Upi,Cancelled,,4497.0,674.55,3822.45,2025,1,January,7,Tuesday,False,,False,Medium
ORD1447,2025-01-15,Neha,neha80@gmail.com,9541786434.0,Lucknow,Up,Mouse,Electronics,3.0,1499.0,10.0,Netbanking,Cancelled,,4497.0,449.7,4047.3,2025,1,January,15,Wednesday,False,,False,Medium
ORD1448,2025-06-17,Neha,neha6@gmail.com,9891169337.0,Pune,Maharashtra,Mouse,Electronics,1.0,4999.0,0.0,Netbanking,Cancelled,,4999.0,0.0,4999.0,2025,6,June,17,Tuesday,False,,False,Low
ORD1449,2025-05-19,Priya,priya54@gmail.com,9920350446.0,Bengaluru,Karnataka,Bottle,Home,4.0,1999.0,20.0,Upi,Cancelled,,7996.0,1599.2,6396.8,2025,5,May,19,Monday,False,,True,Medium
ORD1451,2025-05-14,Rohit,rohit33@gmail.com,9106492183.0,Lucknow,Up,Watch,Fashion,3.0,1499.0,10.0,Netbanking,Pending,,4497.0,449.7,4047.3,2025,5,May,14,Wednesday,False,,False,Medium
ORD1452,2025-05-23,Rahul,rahul40@gmail.com,9125077784.0,Delhi,Delhi,Laptop,Electronics,5.0,999.0,10.0,Wallet,Cancelled,,4995.0,499.5,4495.5,2025,5,May,23,Friday,False,,False,High
ORD1453,2025-04-19,Amit,amit65@gmail.com,9383907366.0,Pune,Maharashtra,Bottle,Home,3.0,2599.0,10.0,Upi,Delivered,,7797.0,779.7,7017.3,2025,4,April,19,Saturday,True,,True,Medium
ORD1454,2025-02-10,Neha,neha53@gmail.com,9124493553.0,Pune,Maharashtra,Watch,Fashion,2.0,1999.0,15.0,Cod,Delivered,,3998.0,599.7,3398.3,2025,2,February,10,Monday,False,,False,Low
ORD1455,2025-01-23,Rahul,rahul97@gmail.com,9669206149.0,Delhi,Delhi,Shoes,Fashion,4.0,1499.0,20.0,Card,Pending,,5996.0,1199.2,4796.8,2025,1,January,23,Thursday,False,,False,Medium
ORD1456,2025-05-01,Rohit,rohit69@gmail.com,9619254906.0,Pune,Maharashtra,Watch,Fashion,3.0,499.0,15.0,Wallet,Delivered,2025-06-05,1497.0,224.55,1272.45,2025,5,May,1,Thursday,False,35.0,False,Medium
ORD1457,2025-01-11,Sneha,sneha97@gmail.com,9523945550.0,Jaipur,Rajasthan,Bottle,Home,5.0,1999.0,0.0,Wallet,Delivered,,9995.0,0.0,9995.0,2025,1,January,11,Saturday,True,,True,High
ORD1458,2025-06-11,Rohit,rohit80@gmail.com,9951760868.0,Mumbai,Maharashtra,Chair,Furniture,1.0,2599.0,20.0,Netbanking,Delivered,,2599.0,519.8,2079.2,2025,6,June,11,Wednesday,False,,False,Low
ORD1460,2025-02-01,Vikas,vikas8@gmail.com,9178563209.0,Bengaluru,Karnataka,Mouse,Electronics,2.0,4999.0,15.0,Upi,Delivered,2025-06-02,9998.0,1499.7,8498.3,2025,2,February,1,Saturday,True,121.0,True,Low
ORD1461,2025-04-01,Rahul,rahul23@gmail.com,9433791076.0,Jaipur,Rajasthan,Shoes,Fashion,2.0,1499.0,20.0,Upi,Returned,,2998.0,599.6,2398.4,2025,4,April,1,Tuesday,False,,False,Low
ORD1462,2025-03-25,Priya,priya45@gmail.com,Unknown,Mumbai,Maharashtra,Shoes,Fashion,3.0,999.0,10.0,Upi,Delivered,,2997.0,299.7,2697.3,2025,3,March,25,Tuesday,False,,False,Medium
ORD1463,2025-06-22,Neha,neha54@gmail.com,9794486194.0,Lucknow,Up,Bottle,Home,4.0,4999.0,20.0,Cod,Cancelled,,19996.0,3999.2,15996.8,2025,6,June,22,Sunday,True,,True,Medium
ORD1464,2025-05-21,Sneha,sneha53@gmail.com,9595254143.0,Jaipur,Rajasthan,Laptop,Electronics,5.0,1999.0,0.0,Card,Cancelled,,9995.0,0.0,9995.0,2025,5,May,21,Wednesday,False,,True,High
ORD1465,2025-04-13,Priya,priya27gmail.com,9263255819.0,Bengaluru,Karnataka,Mouse,Electronics,5.0,2599.0,0.0,Card,Returned,,12995.0,0.0,12995.0,2025,4,April,13,Sunday,True,,True,High
ORD1466,2025-01-10,Neha,neha50@gmail.com,9326023461.0,Pune,Maharashtra,Laptop,Electronics,3.0,2599.0,0.0,Wallet,Delivered,,7797.0,0.0,7797.0,2025,1,January,10,Friday,False,,True,Medium
ORD1467,2025-04-18,Rahul,rahul83@gmail.com,9526297908.0,Pune,Maharashtra,Bottle,Home,4.0,1999.0,5.0,Netbanking,Pending,,7996.0,399.8,7596.2,2025,4,April,18,Friday,False,,True,Medium
ORD1469,2025-04-01,Rahul,rahul47@gmail.com,9815577094.0,Bengaluru,Karnataka,Bottle,Home,2.0,499.0,0.0,Upi,Delivered,2025-11-04,998.0,0.0,998.0,2025,4,April,1,Tuesday,False,217.0,False,Low
ORD1470,2025-01-03,Priya,priya66@gmail.com,9458583296.0,Jaipur,Rajasthan,Watch,Fashion,2.0,9999.0,5.0,Wallet,Returned,,19998.0,999.9,18998.1,2025,1,January,3,Friday,False,,True,Low
ORD1471,2025-06-15,Sneha,sneha54@gmail.com,9944717091.0,Delhi,Delhi,Laptop,Electronics,4.0,2599.0,20.0,Cod,Returned,,10396.0,2079.2,8316.8,2025,6,June,15,Sunday,True,,True,Medium
ORD1472,2025-03-18,Vikas,vikas87@gmail.com,9861027886.0,Delhi,Delhi,Mouse,Electronics,5.0,1499.0,20.0,Card,Delivered,,7495.0,1499.0,5996.0,2025,3,March,18,Tuesday,False,,True,High
ORD1473,2025-02-19,Rahul,rahul77@gmail.com,9635640677.0,Lucknow,Up,Mouse,Electronics,4.0,1499.0,0.0,Wallet,Delivered,,5996.0,0.0,5996.0,2025,2,February,19,Wednesday,False,,True,Medium
ORD1474,2025-03-09,Rahul,rahul25@gmail.com,9387008003.0,Pune,Maharashtra,Shoes,Fashion,3.0,2599.0,0.0,Cod,Cancelled,,7797.0,0.0,7797.0,2025,3,March,9,Sunday,True,,True,Medium
ORD1475,2025-01-27,Priya,priya29@gmail.com,9375982366.0,Pune,Maharashtra,Bottle,Home,3.0,1999.0,5.0,Cod,Pending,,5997.0,299.85,5697.15,2025,1,January,27,Monday,False,,True,Medium
ORD1476,2025-06-22,Rohit,rohit94@gmail.com,9281632903.0,Pune,Maharashtra,Chair,Furniture,5.0,2599.0,5.0,Card,Pending,,12995.0,649.75,12345.25,2025,6,June,22,Sunday,True,,True,High
ORD1478,2025-04-19,Sneha,sneha11@gmail.com,9233212770.0,Delhi,Delhi,Shoes,Fashion,2.0,1999.0,20.0,Netbanking,Delivered,,3998.0,799.6,3198.4,2025,4,April,19,Saturday,True,,False,Low
ORD1479,2025-01-18,Neha,neha63@gmail.com,9334823454.0,Bengaluru,Karnataka,Mouse,Electronics,4.0,4999.0,0.0,Card,Pending,,19996.0,0.0,19996.0,2025,1,January,18,Saturday,True,,True,Medium
ORD1481,2025-06-17,Rohit,rohit46@gmail.com,9379730312.0,Pune,Maharashtra,Shoes,Fashion,4.0,2599.0,0.0,Wallet,Pending,,10396.0,0.0,10396.0,2025,6,June,17,Tuesday,False,,True,Medium
ORD1482,2025-04-27,Rahul,rahul53@gmail.com,9487897218.0,Pune,Maharashtra,Mouse,Electronics,5.0,499.0,5.0,Wallet,Delivered,,2495.0,124.75,2370.25,2025,4,April,27,Sunday,True,,False,High
ORD1483,2025-04-20,Neha,neha34@gmail.com,9620909768.0,Bengaluru,Karnataka,Laptop,Electronics,2.0,1999.0,5.0,Netbanking,Pending,,3998.0,199.9,3798.1,2025,4,April,20,Sunday,True,,False,Low
ORD1484,2025-02-16,Sneha,sneha66@gmail.com,Unknown,Delhi,Delhi,Chair,Furniture,4.0,9999.0,10.0,Netbanking,Cancelled,,39996.0,3999.6,35996.4,2025,2,February,16,Sunday,True,,True,Medium
ORD1485,2025-05-24,Rohit,rohit35@gmail.com,9845248519.0,Pune,Maharashtra,Chair,Furniture,5.0,499.0,5.0,Netbanking,Delivered,,2495.0,124.75,2370.25,2025,5,May,24,Saturday,True,,False,High
ORD1487,2025-04-13,Rohit,rohit31@gmail.com,9370472644.0,Jaipur,Rajasthan,Chair,Furniture,1.0,499.0,0.0,Upi,Delivered,,499.0,0.0,499.0,2025,4,April,13,Sunday,True,,False,Low
ORD1488,2025-02-15,Sneha,sneha32@gmail.com,9335556096.0,Delhi,Delhi,Mouse,Electronics,2.0,499.0,0.0,Wallet,Cancelled,,998.0,0.0,998.0,2025,2,February,15,Saturday,True,,False,Low
ORD1489,2025-05-16,Amit,amit39@gmail.com,9606237230.0,Delhi,Delhi,Laptop,Electronics,3.0,499.0,10.0,Netbanking,Pending,,1497.0,149.7,1347.3,2025,5,May,16,Friday,False,,False,Medium
ORD1490,2025-05-08,Sneha,sneha22@gmail.com,9311385417.0,Pune,Maharashtra,Laptop,Electronics,2.0,9999.0,20.0,Card,Delivered,,19998.0,3999.6,15998.4,2025,5,May,8,Thursday,False,,True,Low
ORD1491,2025-03-04,Priya,priya42@gmail.com,9975620718.0,Lucknow,Up,Laptop,Electronics,2.0,1499.0,10.0,Upi,Cancelled,,2998.0,299.8,2698.2,2025,3,March,4,Tuesday,False,,False,Low
ORD1492,2025-03-12,Amit,amit65@gmail.com,9442093414.0,Delhi,Delhi,Bottle,Home,2.0,1999.0,0.0,Netbanking,Pending,,3998.0,0.0,3998.0,2025,3,March,12,Wednesday,False,,False,Low
ORD1493,2025-03-05,Sneha,sneha27@gmail.com,9961393609.0,Delhi,Delhi,Mouse,Electronics,5.0,4999.0,0.0,Cod,Delivered,2025-07-03,24995.0,0.0,24995.0,2025,3,March,5,Wednesday,False,120.0,True,High
ORD1494,2025-03-20,Sneha,sneha50@gmail.com,9703494194.0,Delhi,Delhi,Bottle,Home,5.0,999.0,0.0,Wallet,Delivered,,4995.0,0.0,4995.0,2025,3,March,20,Thursday,False,,False,High
ORD1496,2025-03-17,Amit,amit43gmail.com,9916348209.0,Delhi,Delhi,Bottle,Home,3.0,999.0,0.0,Cod,Returned,,2997.0,0.0,2997.0,2025,3,March,17,Monday,False,,False,Medium
ORD1497,2025-06-10,Rohit,rohit24@gmail.com,9280005919.0,Lucknow,Up,Shoes,Fashion,3.0,2599.0,15.0,Cod,Returned,,7797.0,1169.55,6627.45,2025,6,June,10,Tuesday,False,,True,Medium
ORD1498,2025-04-26,Priya,priya59@gmail.com,9949870677.0,Jaipur,Rajasthan,Mouse,Electronics,5.0,1499.0,10.0,Wallet,Delivered,,7495.0,749.5,6745.5,2025,4,April,26,Saturday,True,,True,High
ORD1499,2025-05-09,Neha,neha39@gmail.com,9594172230.0,Bengaluru,Karnataka,Laptop,Electronics,3.0,499.0,5.0,Wallet,Cancelled,,1497.0,74.85,1422.15,2025,5,May,9,Friday,False,,False,Medium
ORD1500,2025-05-15,Priya,priya67@gmail.com,9848200695.0,Pune,Maharashtra,Laptop,Electronics,3.0,1999.0,15.0,Upi,Delivered,,5997.0,899.55,5097.45,2025,5,May,15,Thursday,False,,True,Medium
ORD1501,2025-04-28,Amit,amit26@gmail.com,9873317457.0,Lucknow,Up,Chair,Furniture,3.0,1499.0,15.0,Wallet,Delivered,,4497.0,674.55,3822.45,2025,4,April,28,Monday,False,,False,Medium
ORD1600,2025-05-15,Priya,priya67@gmail.com,9848200695.0,Pune,Maharashtra,Laptop,Electronics,3.0,1999.0,15.0,Upi,Delivered,,5997.0,899.55,5097.45,2025,5,May,15,Thursday,False,,True,Medium
ORD1601,2025-04-28,Amit,amit26@gmail.com,9873317457.0,Lucknow,Up,Chair,Furniture,3.0,1499.0,15.0,Wallet,Delivered,,4497.0,674.55,3822.45,2025,4,April,28,Monday,False,,False,Medium
ORD1602,2025-06-30,Neha,neha82@gmail.com,9829008196.0,Delhi,Delhi,Chair,Furniture,4.0,1999.0,0.0,Upi,Pending,,7996.0,0.0,7996.0,2025,6,June,30,Monday,False,,True,Medium
ORD1603,2025-02-03,Rohit,rohit45@gmail.com,9280491167.0,Pune,Maharashtra,Watch,Fashion,5.0,4999.0,20.0,Card,Pending,,24995.0,4999.0,19996.0,2025,2,February,3,Monday,False,,True,High
ORD1604,2025-05-06,Amit,amit6@gmail.com,9943310925.0,Jaipur,Rajasthan,Mouse,Electronics,3.0,1999.0,5.0,Cod,Returned,,5997.0,299.85,5697.15,2025,5,May,6,Tuesday,False,,True,Medium
ORD1605,2025-01-20,Vikas,vikas51@gmail.com,9495120474.0,Bengaluru,Karnataka,Laptop,Electronics,3.0,1999.0,15.0,Wallet,Pending,,5997.0,899.55,5097.45,2025,1,January,20,Monday,False,,True,Medium
ORD1606,2025-04-02,Rohit,rohit71@gmail.com,9237331620.0,Pune,Maharashtra,Bottle,Home,3.0,1999.0,0.0,Wallet,Cancelled,,5997.0,0.0,5997.0,2025,4,April,2,Wednesday,False,,True,Medium
ORD1607,2025-02-10,Rahul,rahul82@gmail.com,9517780193.0,Mumbai,Maharashtra,Mouse,Electronics,3.0,499.0,20.0,Wallet,Cancelled,,1497.0,299.4,1197.6,2025,2,February,10,Monday,False,,False,Medium
ORD1608,2025-02-17,Rahul,rahul71@gmail.com,9789375429.0,Lucknow,Up,Mouse,Electronics,4.0,9999.0,0.0,Card,Returned,,39996.0,0.0,39996.0,2025,2,February,17,Monday,False,,True,Medium
ORD1610,2025-04-10,Rohit,rohit96@gmail.com,9700116928.0,Jaipur,Rajasthan,Mouse,Electronics,1.0,1999.0,0.0,Netbanking,Delivered,,1999.0,0.0,1999.0,2025,4,April,10,Thursday,False,,False,Low
ORD1611,2025-01-11,Neha,neha22@gmail.com,9580304152.0,Jaipur,Rajasthan,Chair,Furniture,3.0,999.0,0.0,Cod,Pending,,2997.0,0.0,2997.0,2025,1,January,11,Saturday,True,,False,Medium
ORD1612,2025-03-03,Vikas,vikas46@gmail.com,9551158398.0,Jaipur,Rajasthan,Shoes,Fashion,3.0,999.0,5.0,Cod,Cancelled,,2997.0,149.85,2847.15,2025,3,March,3,Monday,False,,False,Medium
